SubscriberID,JoinDate,JoinWeekID,DeliveryChannelID,AcquisitionChannelID,PlanID,MealPreference,State,AgeGroup,Gender,IsGlutenFree,IsDairyFree,IsLowSodium
1,2019-12-18,1,2,4,1,Balance,CA,25-34,Male,1,0,1
2,2020-06-15,1,1,3,3,Weight Loss,NY,35-44,Female,0,0,1
3,2022-04-06,1,2,3,1,Diabetic Friendly,MN,25-34,Female,0,0,0
4,2019-07-21,1,1,3,6,Balance,NH,35-44,Male,0,0,0
5,2021-05-11,1,1,1,1,Balance,NJ,25-34,Female,0,0,0
6,2018-12-23,1,1,2,5,Weight Loss,NJ,35-44,Female,0,0,0
7,2018-09-24,1,3,6,7,Weight Loss,CT,35-44,Male,1,0,0
8,2020-09-13,1,1,1,5,Plant Based,MA,25-34,Male,0,0,0
9,2021-08-09,1,1,3,1,Weight Loss,NJ,45-54,Female,0,0,0
10,2019-08-20,1,2,1,1,Weight Loss,IL,35-44,Female,0,0,0
11,2018-10-24,1,3,6,7,Weight Loss,MA,25-34,Male,0,0,0
12,2020-02-16,1,1,1,3,Weight Loss,NH,55-64,Male,0,0,0
13,2022-10-03,1,2,1,4,Weight Loss,GA,45-54,Female,0,0,0
14,2018-06-26,1,1,1,1,Weight Loss,RI,18-24,Male,1,0,0
15,2019-12-18,1,1,5,1,Weight Loss,NH,35-44,Not Specified,0,0,0
16,2021-01-11,1,1,3,2,Weight Loss,NJ,25-34,Female,1,0,0
17,2021-07-10,1,1,3,1,Diabetic Friendly,NJ,45-54,Female,0,0,0
18,2020-12-12,1,2,2,2,Weight Loss,VA,25-34,Male,0,0,0
19,2019-12-18,1,2,1,3,Plant Based,IL,25-34,Female,0,0,0
20,2018-05-27,1,1,2,4,Weight Loss,MA,18-24,Not Specified,1,1,0
21,2020-10-13,1,1,3,1,Weight Loss,NH,18-24,Female,0,0,0
22,2022-07-05,1,1,5,3,Weight Loss,NJ,25-34,Female,0,0,0
23,2018-04-27,1,1,3,5,Weight Loss,NY,18-24,Female,0,0,0
24,2019-04-22,1,1,5,3,Weight Loss,MA,18-24,Female,0,0,0
25,2018-10-24,1,1,2,1,Balance,NJ,35-44,Female,0,1,0
26,2018-02-26,1,2,1,1,Balance,IL,55-64,Male,0,0,0
27,2021-03-12,1,1,3,6,Weight Loss,RI,18-24,Male,0,0,0
28,2019-03-23,1,1,4,1,Balance,MA,25-34,Female,0,0,0
29,2022-10-03,1,3,6,7,Balance,MA,35-44,Female,0,0,0
30,2018-01-27,1,1,3,2,Balance,NH,18-24,Male,0,1,0
31,2018-01-27,1,2,1,2,Plant Based,MN,45-54,Male,0,0,0
32,2018-03-28,1,1,4,2,Weight Loss,NY,25-34,Male,0,0,0
33,2018-07-26,1,1,4,2,Diabetic Friendly,CT,45-54,Male,0,0,0
34,2018-08-25,1,1,4,1,Plant Based,MA,35-44,Female,0,0,0
35,2018-05-27,1,1,4,6,Balance,RI,35-44,Female,0,0,0
36,2019-08-20,1,3,6,7,Weight Loss,MA,55-64,Female,0,0,0
37,2020-01-17,1,2,1,5,Balance,MD,18-24,Female,0,0,0
38,2018-04-27,1,2,3,1,Weight Loss,GA,25-34,Female,0,0,0
39,2019-03-23,1,2,3,1,Balance,WA,35-44,Not Specified,0,0,0
40,2020-06-15,1,1,2,1,Plant Based,MA,35-44,Female,0,0,0
41,2019-06-21,1,3,6,7,Balance,CT,25-34,Female,0,1,0
42,2018-04-27,1,1,1,1,Balance,RI,25-34,Female,0,0,0
43,2018-09-24,1,2,3,1,Weight Loss,TN,18-24,Male,0,0,0
44,2020-05-16,1,2,3,3,Diabetic Friendly,MD,25-34,Female,0,0,0
45,2018-05-27,1,3,6,7,Weight Loss,NY,35-44,Female,0,0,0
46,2018-09-24,1,3,6,7,Balance,NY,25-34,Male,0,0,0
47,2021-08-09,1,1,2,1,Balance,NJ,35-44,Female,0,0,0
48,2019-09-19,1,1,3,2,Balance,RI,35-44,Male,0,1,0
49,2020-08-14,1,2,1,2,Plant Based,VA,45-54,Not Specified,0,0,0
50,2021-01-11,1,3,6,7,Balance,NY,35-44,Female,0,0,0
51,2022-05-06,1,2,5,2,Diabetic Friendly,PA,35-44,Male,0,0,0
52,2018-05-27,1,1,2,2,Balance,NH,45-54,Female,0,0,0
53,2018-10-24,1,2,5,2,Weight Loss,TX,45-54,Male,1,0,0
54,2018-09-24,1,2,1,3,Weight Loss,NC,25-34,Male,0,0,0
55,2020-10-13,1,2,5,1,Balance,OH,25-34,Male,0,0,1
56,2019-10-19,1,2,1,4,Plant Based,NC,35-44,Female,0,0,0
57,2020-11-12,1,1,3,1,Weight Loss,NY,35-44,Female,0,0,0
58,2020-05-16,1,1,3,3,Weight Loss,NJ,45-54,Male,0,0,0
59,2019-10-19,1,3,6,7,Balance,MA,35-44,Male,0,0,1
60,2021-05-11,1,3,6,7,Weight Loss,MA,25-34,Female,0,0,0
61,2019-05-22,1,1,1,3,Weight Loss,CT,45-54,Male,0,0,1
62,2020-07-15,1,1,3,2,Weight Loss,NH,35-44,Female,0,0,0
63,2018-10-24,1,1,2,1,Balance,RI,25-34,Female,0,0,0
64,2021-08-09,1,1,5,2,Balance,NY,25-34,Female,0,0,0
65,2020-03-17,1,1,5,3,Weight Loss,MA,25-34,Male,1,1,0
66,2020-09-13,1,1,1,1,Diabetic Friendly,RI,35-44,Male,0,0,0
67,2019-08-20,1,1,5,1,Balance,NY,35-44,Female,0,0,0
68,2018-11-23,1,1,2,3,Weight Loss,NH,35-44,Female,1,0,0
69,2019-08-20,1,1,1,1,Balance,MA,18-24,Female,0,1,0
70,2018-07-26,1,1,1,1,Balance,NH,45-54,Male,0,0,0
71,2019-10-19,1,2,4,1,Balance,MI,25-34,Male,0,0,0
72,2020-07-15,1,1,5,2,Weight Loss,NH,25-34,Female,0,0,1
73,2021-05-11,1,1,4,3,Diabetic Friendly,NJ,55-64,Male,0,0,0
74,2022-05-06,1,1,5,1,Weight Loss,NH,35-44,Female,0,0,0
75,2019-11-18,1,1,2,3,Balance,CT,55-64,Male,1,1,0
76,2022-07-05,1,1,4,4,Balance,NH,45-54,Female,0,0,0
77,2022-03-07,1,2,2,2,Diabetic Friendly,TX,35-44,Male,1,0,0
78,2020-05-16,1,2,3,3,Balance,AZ,55-64,Male,0,0,0
79,2020-04-16,1,3,6,7,Weight Loss,NY,25-34,Male,0,0,0
80,2018-09-24,1,3,6,7,Weight Loss,CT,25-34,Female,0,0,0
81,2022-01-06,1,1,2,1,Weight Loss,MA,55-64,Female,0,0,0
82,2021-08-09,1,2,3,2,Balance,TN,35-44,Female,0,0,0
83,2022-08-04,1,1,2,3,Plant Based,NH,55-64,Female,0,0,0
84,2022-01-06,1,1,1,5,Balance,NH,25-34,Male,1,0,0
85,2021-02-10,1,2,3,4,Plant Based,TN,45-54,Female,0,0,0
86,2020-07-15,1,1,1,3,Diabetic Friendly,NY,55-64,Male,0,0,0
87,2020-11-12,1,1,3,5,Balance,CT,45-54,Female,0,0,0
88,2019-09-19,1,2,1,1,Plant Based,OH,35-44,Female,0,0,0
89,2020-12-12,1,1,4,2,Balance,MA,35-44,Female,0,0,0
90,2019-10-19,1,2,4,1,Balance,OR,35-44,Female,0,0,0
91,2019-08-20,1,1,2,1,Plant Based,NJ,45-54,Not Specified,0,0,0
92,2018-12-23,1,2,3,2,Weight Loss,NC,35-44,Male,0,0,0
93,2022-05-06,1,1,3,2,Weight Loss,NJ,35-44,Male,0,0,0
94,2018-06-26,1,1,4,2,Weight Loss,NY,25-34,Female,0,0,0
95,2021-08-09,1,3,6,7,Weight Loss,MA,18-24,Male,0,0,0
96,2019-12-18,1,3,6,7,Balance,CT,45-54,Female,0,0,0
97,2018-02-26,1,1,4,5,Balance,NH,25-34,Female,0,0,0
98,2021-03-12,1,2,5,2,Weight Loss,OR,25-34,Not Specified,0,0,0
99,2018-11-23,1,1,3,3,Weight Loss,NH,55-64,Female,0,0,0
100,2021-07-10,1,2,5,1,Weight Loss,MN,25-34,Female,0,1,0
101,2020-05-16,1,1,2,2,Balance,NJ,25-34,Male,1,0,0
102,2019-10-19,1,3,6,7,Plant Based,MA,25-34,Female,0,0,0
103,2022-01-06,1,2,3,1,Diabetic Friendly,NC,18-24,Male,0,0,0
104,2021-06-10,1,1,1,2,Plant Based,MA,35-44,Female,1,0,0
105,2019-07-21,1,2,3,2,Weight Loss,VA,35-44,Female,1,0,0
106,2022-04-06,1,1,3,1,Diabetic Friendly,NH,45-54,Female,0,0,1
107,2020-10-13,1,1,1,1,Weight Loss,NY,35-44,Male,0,0,0
108,2018-03-28,1,2,4,1,Weight Loss,IL,45-54,Female,0,0,0
109,2022-01-06,1,1,2,3,Balance,NH,25-34,Female,0,0,0
110,2019-11-18,1,1,1,3,Plant Based,NH,35-44,Male,0,0,0
111,2019-08-20,1,3,6,7,Plant Based,NY,35-44,Not Specified,0,0,0
112,2019-10-19,1,1,1,1,Plant Based,NH,25-34,Male,0,0,0
113,2019-02-21,1,2,1,5,Plant Based,NV,25-34,Female,0,0,0
114,2018-11-23,1,1,3,2,Balance,CT,35-44,Female,0,0,0
115,2021-12-07,1,1,4,4,Weight Loss,RI,25-34,Female,0,1,0
116,2020-07-15,1,1,3,2,Balance,NH,45-54,Female,1,0,0
117,2021-09-08,1,1,1,2,Weight Loss,RI,18-24,Female,0,0,0
118,2018-05-27,1,1,4,1,Balance,NH,35-44,Female,0,0,0
119,2019-01-22,1,2,1,5,Plant Based,MN,35-44,Female,0,0,0
120,2020-11-12,1,3,6,7,Plant Based,MA,35-44,Male,1,0,0
121,2022-06-05,1,2,1,5,Weight Loss,MD,25-34,Male,0,0,0
122,2022-01-06,1,3,6,7,Balance,NY,55-64,Male,0,0,0
123,2020-06-15,1,2,1,4,Weight Loss,FL,45-54,Male,0,0,0
124,2022-06-05,1,3,6,7,Plant Based,NY,35-44,Female,0,0,0
125,2022-06-05,1,2,3,2,Weight Loss,CO,18-24,Male,0,0,0
126,2018-07-26,1,2,3,3,Plant Based,TN,45-54,Female,0,0,0
127,2019-05-22,1,1,3,4,Plant Based,MA,55-64,Female,0,0,0
128,2019-03-23,1,1,3,2,Diabetic Friendly,NY,35-44,Male,0,0,0
129,2019-08-20,1,1,3,2,Balance,MA,45-54,Not Specified,0,0,0
130,2022-05-06,1,1,2,3,Weight Loss,RI,25-34,Male,0,0,0
131,2021-09-08,1,2,1,3,Weight Loss,MD,18-24,Female,0,0,0
132,2018-09-24,1,3,6,7,Balance,MA,45-54,Female,0,0,0
133,2018-01-27,1,2,3,1,Balance,PA,35-44,Male,0,0,0
134,2021-07-10,1,2,5,3,Plant Based,NC,45-54,Female,0,0,0
135,2020-02-16,1,2,4,3,Weight Loss,CO,45-54,Male,0,0,0
136,2019-01-22,1,2,4,1,Weight Loss,PA,25-34,Male,0,0,0
137,2018-06-26,1,2,3,2,Plant Based,MI,25-34,Male,0,0,1
138,2022-04-06,1,1,2,2,Balance,NY,25-34,Female,0,0,0
139,2019-07-21,1,1,5,2,Plant Based,RI,45-54,Female,1,1,0
140,2022-03-07,1,2,5,3,Weight Loss,NV,45-54,Female,1,0,0
141,2019-01-22,1,1,4,2,Weight Loss,MA,35-44,Female,0,0,0
142,2019-12-18,1,1,1,3,Weight Loss,NH,25-34,Not Specified,0,0,0
143,2022-06-05,1,1,1,2,Balance,NH,45-54,Female,0,0,0
144,2019-03-23,1,2,1,2,Balance,WA,35-44,Male,0,0,0
145,2018-02-26,1,2,4,5,Balance,FL,25-34,Male,1,0,0
146,2021-04-11,1,3,6,7,Weight Loss,CT,18-24,Male,0,0,0
147,2021-01-11,1,1,4,2,Weight Loss,MA,35-44,Not Specified,0,0,0
148,2020-07-15,1,3,6,7,Balance,CT,25-34,Female,0,0,0
149,2020-06-15,1,1,2,1,Weight Loss,MA,35-44,Female,0,1,0
150,2020-11-12,1,1,2,6,Diabetic Friendly,NH,18-24,Male,0,0,0
151,2020-11-12,1,1,3,2,Balance,NY,25-34,Male,0,0,0
152,2019-05-22,1,2,3,4,Weight Loss,CO,35-44,Female,0,0,1
153,2019-07-21,1,1,2,3,Balance,NY,25-34,Female,0,0,0
154,2018-04-27,1,1,3,5,Weight Loss,MA,25-34,Male,0,0,0
155,2018-08-25,1,1,4,4,Weight Loss,RI,45-54,Male,0,0,0
156,2019-11-18,1,2,4,1,Weight Loss,NC,25-34,Male,0,0,1
157,2021-02-10,1,1,4,2,Plant Based,NJ,45-54,Female,0,0,0
158,2022-07-05,1,1,3,1,Diabetic Friendly,NY,35-44,Male,0,0,0
159,2021-10-08,1,1,1,5,Weight Loss,NJ,25-34,Female,0,0,0
160,2019-07-21,1,1,1,3,Weight Loss,NY,35-44,Female,0,0,0
161,2019-10-19,1,2,1,5,Plant Based,CA,25-34,Female,0,0,0
162,2020-05-16,1,2,3,2,Balance,AZ,45-54,Female,1,1,0
163,2020-12-12,1,1,2,1,Plant Based,CT,25-34,Not Specified,0,0,0
164,2020-10-13,1,2,2,1,Weight Loss,WA,25-34,Female,0,0,0
165,2021-12-07,1,3,6,7,Diabetic Friendly,NY,35-44,Female,0,0,0
166,2022-07-05,1,1,1,2,Weight Loss,MA,25-34,Male,1,0,0
167,2020-11-12,1,2,3,1,Balance,VA,25-34,Female,0,0,0
168,2018-06-26,1,2,3,1,Balance,GA,35-44,Female,0,0,0
169,2020-11-12,1,3,6,7,Balance,NY,55-64,Female,0,0,0
170,2018-01-27,1,1,1,3,Plant Based,MA,35-44,Female,0,0,0
171,2019-01-22,1,1,4,1,Balance,NY,45-54,Female,0,0,1
172,2022-09-03,1,1,5,3,Plant Based,MA,35-44,Male,0,0,0
173,2021-12-07,1,3,6,7,Weight Loss,CT,35-44,Male,0,0,0
174,2020-08-14,1,1,1,3,Weight Loss,NJ,25-34,Female,0,0,0
175,2021-02-10,1,2,4,3,Balance,VA,25-34,Female,0,0,0
176,2018-09-24,1,3,6,7,Diabetic Friendly,NY,25-34,Female,0,0,0
177,2021-03-12,1,1,1,1,Weight Loss,NH,25-34,Not Specified,0,0,0
178,2019-03-23,1,1,2,5,Plant Based,NH,25-34,Female,0,0,0
179,2021-06-10,1,1,2,1,Weight Loss,CT,25-34,Female,0,0,0
180,2019-04-22,1,1,3,1,Weight Loss,NY,35-44,Female,0,0,0
181,2021-12-07,1,1,4,1,Plant Based,RI,18-24,Female,0,0,0
182,2019-05-22,1,1,4,1,Balance,CT,18-24,Male,0,0,0
183,2022-08-04,1,3,6,7,Weight Loss,MA,45-54,Male,0,0,0
184,2022-04-06,1,3,6,7,Plant Based,NY,18-24,Female,0,0,0
185,2022-03-07,1,2,3,5,Plant Based,MD,35-44,Female,0,0,0
186,2018-04-27,1,2,4,4,Weight Loss,CA,45-54,Female,0,0,0
187,2021-06-10,1,1,3,1,Balance,NH,25-34,Female,0,0,0
188,2022-03-07,1,1,4,1,Weight Loss,NY,35-44,Female,0,0,0
189,2021-04-11,1,3,6,7,Plant Based,CT,35-44,Male,0,0,0
190,2019-12-18,1,1,4,3,Weight Loss,NH,35-44,Female,0,0,0
191,2018-05-27,1,2,3,2,Balance,FL,45-54,Female,0,0,0
192,2018-01-27,1,1,4,2,Weight Loss,RI,35-44,Female,0,0,0
193,2021-06-10,1,1,3,3,Weight Loss,NH,25-34,Female,0,0,0
194,2020-04-16,1,1,4,2,Balance,RI,45-54,Not Specified,1,0,0
195,2022-05-06,1,2,3,5,Weight Loss,MN,45-54,Female,0,0,0
196,2018-05-27,1,2,1,6,Balance,CO,25-34,Not Specified,1,1,0
197,2021-10-08,1,2,3,2,Balance,NV,35-44,Female,0,0,0
198,2019-08-20,1,2,3,5,Plant Based,MN,25-34,Female,1,0,0
199,2022-02-05,1,1,1,2,Weight Loss,NJ,45-54,Male,0,0,0
200,2019-04-22,1,2,3,4,Plant Based,WA,25-34,Male,0,0,0
201,2019-04-22,1,2,3,2,Weight Loss,OH,55-64,Not Specified,0,0,0
202,2019-01-22,1,1,2,4,Weight Loss,RI,45-54,Female,0,0,1
203,2020-06-15,1,1,3,1,Balance,NH,25-34,Male,0,1,0
204,2019-09-19,1,1,2,3,Balance,RI,18-24,Male,0,0,0
205,2021-10-08,1,3,6,7,Balance,NY,45-54,Female,0,0,0
206,2021-04-11,1,1,3,3,Balance,CT,25-34,Female,0,0,0
207,2021-02-10,1,1,4,2,Plant Based,NY,35-44,Male,0,0,0
208,2021-04-11,1,2,4,1,Weight Loss,NC,35-44,Male,0,0,0
209,2018-12-23,1,2,3,5,Balance,VA,45-54,Female,0,0,0
210,2022-07-05,1,2,1,2,Balance,OH,45-54,Not Specified,0,0,1
211,2022-10-03,1,2,4,2,Plant Based,TX,25-34,Male,0,0,1
212,2018-12-23,1,2,4,1,Weight Loss,VA,35-44,Female,0,0,1
213,2021-10-08,1,2,4,5,Balance,MN,25-34,Female,0,0,0
214,2019-03-23,1,2,3,2,Weight Loss,FL,55-64,Female,0,1,0
215,2021-12-07,1,2,1,2,Weight Loss,TX,18-24,Female,1,0,0
216,2019-10-19,1,1,4,5,Balance,MA,45-54,Male,0,1,1
217,2021-02-10,1,3,6,7,Weight Loss,CT,18-24,Male,1,0,0
218,2019-03-23,1,2,5,1,Weight Loss,TN,35-44,Male,0,0,0
219,2018-05-27,1,1,4,2,Diabetic Friendly,NJ,18-24,Female,1,0,0
220,2020-10-13,1,2,1,1,Diabetic Friendly,WA,35-44,Female,0,0,0
221,2018-08-25,1,1,2,1,Balance,NY,25-34,Female,0,0,0
222,2020-07-15,1,1,5,2,Plant Based,MA,25-34,Female,0,0,0
223,2020-08-14,1,1,3,3,Plant Based,RI,45-54,Female,0,1,0
224,2022-02-05,1,3,6,7,Weight Loss,MA,25-34,Female,0,0,0
225,2019-06-21,1,1,2,2,Balance,RI,25-34,Female,0,0,0
226,2021-01-11,1,1,5,2,Weight Loss,MA,45-54,Female,0,0,0
227,2021-02-10,1,2,3,5,Balance,AZ,25-34,Not Specified,0,0,0
228,2021-10-08,1,2,3,1,Plant Based,NC,25-34,Male,0,0,0
229,2018-04-27,1,2,5,1,Plant Based,OR,45-54,Female,0,0,0
230,2019-08-20,1,2,3,1,Weight Loss,NC,25-34,Female,0,0,0
231,2019-02-21,1,3,6,7,Weight Loss,CT,18-24,Not Specified,0,0,0
232,2019-03-23,1,1,3,2,Weight Loss,CT,18-24,Not Specified,0,0,0
233,2019-10-19,1,2,1,1,Weight Loss,IL,35-44,Male,0,0,0
234,2022-05-06,1,2,1,6,Weight Loss,MD,25-34,Male,1,0,0
235,2020-06-15,1,1,4,2,Balance,NH,25-34,Male,0,0,0
236,2021-11-07,1,1,3,3,Balance,RI,55-64,Female,0,0,0
237,2018-02-26,1,1,3,1,Weight Loss,NH,35-44,Male,0,0,0
238,2019-12-18,1,2,3,3,Plant Based,GA,35-44,Male,0,0,0
239,2020-12-12,1,1,3,3,Weight Loss,NH,35-44,Male,0,0,0
240,2022-03-07,1,2,5,3,Weight Loss,AZ,25-34,Female,0,0,0
241,2021-11-07,1,1,3,2,Weight Loss,CT,35-44,Male,0,0,0
242,2020-10-13,1,1,3,4,Diabetic Friendly,NH,35-44,Female,0,0,0
243,2021-08-09,1,2,4,2,Balance,MN,35-44,Male,0,0,0
244,2021-05-11,1,1,3,4,Weight Loss,NH,35-44,Female,0,0,0
245,2019-05-22,1,2,4,2,Balance,TX,35-44,Male,0,0,0
246,2021-09-08,1,1,4,1,Plant Based,RI,25-34,Male,0,0,0
247,2020-12-12,1,2,1,1,Balance,MN,25-34,Female,0,0,0
248,2018-01-27,1,3,6,7,Balance,NY,25-34,Male,0,1,0
249,2019-01-22,1,2,5,4,Balance,TX,45-54,Female,0,0,0
250,2018-02-26,1,1,3,1,Weight Loss,CT,35-44,Male,0,0,0
251,2022-05-06,1,2,3,2,Weight Loss,CO,45-54,Male,0,0,0
252,2021-02-10,1,1,4,2,Diabetic Friendly,MA,45-54,Female,0,0,0
253,2018-05-27,1,2,4,5,Plant Based,VA,18-24,Male,0,0,0
254,2021-03-12,1,1,5,2,Diabetic Friendly,MA,45-54,Male,0,0,0
255,2018-12-23,1,2,1,3,Weight Loss,MI,18-24,Male,0,0,0
256,2022-10-03,1,2,2,1,Weight Loss,CA,35-44,Female,0,0,0
257,2020-11-12,1,1,3,1,Balance,CT,45-54,Female,0,0,0
258,2021-12-07,1,2,3,3,Balance,PA,35-44,Male,0,0,0
259,2022-03-07,1,1,3,2,Balance,NH,45-54,Female,0,0,0
260,2021-04-11,1,1,1,3,Balance,CT,35-44,Male,0,0,0
261,2018-08-25,1,2,2,3,Balance,AZ,35-44,Male,0,0,0
262,2021-02-10,1,1,3,1,Plant Based,NH,18-24,Female,0,0,0
263,2022-10-03,1,1,1,2,Diabetic Friendly,NJ,18-24,Male,0,1,1
264,2019-06-21,1,2,3,3,Plant Based,MD,35-44,Female,0,0,0
265,2018-10-24,1,1,5,6,Balance,NY,25-34,Male,0,0,1
266,2021-03-12,1,2,1,1,Weight Loss,NC,35-44,Male,0,0,0
267,2018-12-23,1,1,4,1,Diabetic Friendly,CT,35-44,Male,0,0,0
268,2018-07-26,1,3,6,7,Plant Based,CT,45-54,Female,0,0,0
269,2020-03-17,1,3,6,7,Balance,CT,35-44,Female,0,0,0
270,2020-04-16,1,2,2,2,Balance,IL,45-54,Female,0,0,0
271,2020-08-14,1,3,6,7,Weight Loss,MA,45-54,Male,0,0,0
272,2020-01-17,1,1,3,1,Weight Loss,MA,18-24,Female,0,0,1
273,2021-04-11,1,1,4,2,Balance,RI,35-44,Female,0,0,0
274,2018-08-25,1,1,5,6,Plant Based,NY,45-54,Female,0,1,0
275,2020-10-13,1,1,3,3,Balance,RI,25-34,Male,0,0,0
276,2022-08-04,1,1,2,6,Diabetic Friendly,CT,25-34,Female,0,0,0
277,2020-09-13,1,2,3,3,Weight Loss,CO,35-44,Male,1,0,0
278,2020-09-13,1,3,6,7,Balance,MA,45-54,Male,0,0,0
279,2020-06-15,1,1,5,1,Plant Based,MA,25-34,Female,0,0,0
280,2022-05-06,1,3,6,7,Weight Loss,MA,35-44,Male,0,0,0
281,2020-09-13,1,2,2,4,Balance,TX,35-44,Not Specified,0,0,0
282,2019-11-18,1,3,6,7,Diabetic Friendly,MA,45-54,Female,0,0,0
283,2019-03-23,1,1,1,4,Balance,MA,25-34,Female,0,0,0
284,2018-01-27,1,1,1,1,Diabetic Friendly,MA,35-44,Female,0,0,0
285,2020-09-13,1,3,6,7,Balance,MA,35-44,Male,0,0,0
286,2019-05-22,1,1,2,2,Balance,CT,35-44,Male,0,0,0
287,2018-07-26,1,1,2,2,Weight Loss,RI,45-54,Female,0,1,0
288,2021-11-07,1,2,3,2,Diabetic Friendly,VA,35-44,Female,1,0,1
289,2021-12-07,1,2,1,6,Weight Loss,MI,45-54,Not Specified,1,0,0
290,2018-05-27,1,2,4,5,Weight Loss,TX,55-64,Female,0,0,0
291,2019-10-19,1,1,3,5,Balance,NJ,35-44,Not Specified,0,0,0
292,2022-09-03,1,2,3,1,Balance,VA,18-24,Male,0,1,0
293,2022-01-06,1,1,2,1,Plant Based,CT,45-54,Female,0,0,0
294,2021-03-12,1,2,5,2,Diabetic Friendly,CO,35-44,Female,0,0,0
295,2019-07-21,1,1,5,3,Balance,NJ,55-64,Male,0,0,0
296,2019-10-19,1,1,4,1,Balance,RI,18-24,Male,0,0,0
297,2020-03-17,1,1,2,4,Weight Loss,NY,35-44,Female,0,0,0
298,2019-04-22,1,3,6,7,Weight Loss,MA,55-64,Male,0,0,0
299,2020-06-15,1,1,3,2,Plant Based,CT,35-44,Female,0,0,0
300,2018-10-24,1,1,2,2,Plant Based,NH,45-54,Female,0,0,1
301,2021-12-07,1,2,1,1,Balance,AZ,25-34,Male,0,0,0
302,2019-08-20,1,1,5,5,Weight Loss,NY,35-44,Male,0,0,0
303,2021-03-12,1,1,2,3,Diabetic Friendly,CT,35-44,Male,0,1,0
304,2020-04-16,1,2,1,1,Balance,PA,45-54,Male,0,1,0
305,2021-06-10,1,1,3,1,Plant Based,MA,35-44,Male,1,0,0
306,2021-06-10,1,3,6,7,Balance,NY,18-24,Female,0,0,1
307,2019-11-18,1,2,1,2,Weight Loss,IL,55-64,Male,1,0,0
308,2020-04-16,1,3,6,7,Plant Based,CT,35-44,Male,0,0,0
309,2018-10-24,1,1,5,4,Weight Loss,NY,35-44,Female,0,0,0
310,2019-06-21,1,1,1,2,Diabetic Friendly,CT,35-44,Not Specified,0,0,0
311,2018-03-28,1,2,1,3,Weight Loss,FL,45-54,Female,1,0,0
312,2022-04-06,1,2,3,1,Weight Loss,IL,45-54,Male,0,0,0
313,2021-11-07,1,1,4,1,Weight Loss,RI,35-44,Female,0,0,0
314,2021-05-11,1,2,3,5,Weight Loss,TX,18-24,Female,0,1,0
315,2021-03-12,1,1,4,4,Weight Loss,RI,55-64,Female,0,0,0
316,2020-03-17,1,1,3,1,Weight Loss,NH,45-54,Female,0,0,0
317,2019-10-19,1,1,1,3,Weight Loss,CT,45-54,Female,1,0,0
318,2020-05-16,1,2,1,1,Balance,NC,25-34,Female,0,0,0
319,2020-12-12,1,1,3,2,Diabetic Friendly,RI,35-44,Female,0,0,0
320,2021-08-09,1,2,1,1,Plant Based,AZ,45-54,Female,0,0,0
321,2021-11-07,1,1,4,6,Weight Loss,MA,35-44,Female,0,1,0
322,2020-05-16,1,2,4,3,Balance,AZ,45-54,Male,0,0,0
323,2019-11-18,1,2,3,1,Diabetic Friendly,TN,55-64,Male,0,0,0
324,2018-01-27,1,1,2,1,Balance,MA,25-34,Male,0,0,0
325,2018-12-23,1,1,4,4,Weight Loss,MA,35-44,Male,1,0,0
326,2019-10-19,1,3,6,7,Balance,NY,18-24,Male,0,0,0
327,2018-02-26,1,2,5,3,Weight Loss,VA,45-54,Male,0,0,0
328,2020-12-12,1,2,4,1,Weight Loss,NV,25-34,Female,0,0,0
329,2020-04-16,1,3,6,7,Balance,NY,25-34,Male,1,0,0
330,2022-07-05,1,2,4,2,Plant Based,VA,35-44,Female,0,0,0
331,2022-05-06,1,1,4,6,Balance,NY,45-54,Female,0,0,0
332,2018-08-25,1,2,3,1,Plant Based,CA,35-44,Female,0,1,0
333,2022-10-03,1,2,3,2,Balance,TN,35-44,Male,0,0,0
334,2020-10-13,1,1,3,1,Weight Loss,MA,25-34,Female,0,0,1
335,2022-02-05,1,1,3,2,Weight Loss,RI,35-44,Male,0,0,0
336,2020-02-16,1,1,1,1,Diabetic Friendly,NH,25-34,Female,0,0,0
337,2019-05-22,1,1,2,2,Balance,NJ,55-64,Male,0,1,0
338,2021-03-12,1,1,3,2,Balance,MA,35-44,Male,0,0,0
339,2018-08-25,1,2,3,5,Weight Loss,PA,35-44,Female,1,0,0
340,2021-09-08,1,1,5,2,Weight Loss,NY,25-34,Female,0,0,0
341,2020-02-16,1,1,5,4,Weight Loss,MA,25-34,Female,1,0,0
342,2022-08-04,1,2,5,1,Weight Loss,OR,25-34,Female,0,0,0
343,2021-12-07,1,1,1,4,Balance,MA,45-54,Male,0,0,0
344,2021-05-11,1,1,1,4,Balance,NJ,35-44,Not Specified,0,0,0
345,2020-08-14,1,1,1,3,Balance,CT,55-64,Female,0,0,0
346,2018-01-27,1,1,2,2,Balance,NY,35-44,Male,0,0,0
347,2018-11-23,1,1,1,3,Balance,MA,45-54,Female,0,0,0
348,2020-04-16,1,2,3,3,Weight Loss,WA,35-44,Male,0,0,0
349,2020-04-16,1,2,4,3,Balance,NV,55-64,Female,0,0,1
350,2018-06-26,1,1,2,1,Weight Loss,CT,35-44,Female,0,0,0
351,2020-08-14,1,1,2,1,Weight Loss,NH,35-44,Female,1,0,0
352,2018-06-26,1,2,4,3,Weight Loss,AZ,35-44,Female,1,0,0
353,2022-10-03,1,2,4,2,Weight Loss,VA,25-34,Male,0,0,0
354,2018-11-23,1,1,2,1,Plant Based,NY,35-44,Male,0,0,0
355,2022-08-04,1,1,1,4,Balance,NH,25-34,Male,0,0,0
356,2018-11-23,1,2,3,3,Weight Loss,OR,55-64,Female,1,0,0
357,2022-04-06,1,1,4,5,Weight Loss,NY,25-34,Male,0,0,0
358,2021-01-11,1,1,2,3,Weight Loss,NH,25-34,Female,0,0,0
359,2018-11-23,1,1,4,2,Plant Based,NJ,35-44,Female,0,0,0
360,2021-11-07,1,2,4,5,Balance,AZ,35-44,Not Specified,0,0,0
361,2018-01-27,1,1,3,3,Diabetic Friendly,RI,35-44,Male,0,0,0
362,2018-08-25,1,2,1,2,Balance,MD,18-24,Female,0,0,0
363,2019-03-23,1,2,2,2,Balance,AZ,35-44,Male,0,0,0
364,2020-10-13,1,2,3,4,Weight Loss,NC,35-44,Female,0,0,0
365,2020-06-15,1,1,1,3,Balance,NY,45-54,Male,0,0,0
366,2019-03-23,1,2,4,1,Weight Loss,NV,25-34,Female,1,0,0
367,2021-01-11,1,1,2,3,Balance,MA,35-44,Female,0,0,1
368,2019-04-22,1,3,6,7,Balance,CT,55-64,Male,0,0,0
369,2020-08-14,1,1,2,1,Balance,NJ,18-24,Female,0,0,0
370,2018-10-24,1,3,6,7,Balance,CT,25-34,Female,0,0,0
371,2021-07-10,1,2,1,2,Balance,CA,35-44,Male,0,0,0
372,2020-01-17,1,3,6,7,Balance,MA,35-44,Female,0,0,0
373,2018-09-24,1,1,2,3,Balance,MA,25-34,Female,0,1,1
374,2018-11-23,1,2,4,2,Balance,GA,35-44,Male,0,0,0
375,2021-06-10,1,2,1,3,Balance,PA,18-24,Female,0,0,0
376,2022-10-03,1,1,3,2,Balance,NH,35-44,Female,0,0,0
377,2021-04-11,1,2,3,2,Balance,FL,35-44,Male,0,0,0
378,2021-04-11,1,2,1,1,Weight Loss,VA,45-54,Male,0,0,0
379,2018-03-28,1,3,6,7,Weight Loss,CT,55-64,Female,0,0,1
380,2021-09-08,1,2,3,1,Balance,NV,45-54,Male,0,0,0
381,2022-07-05,1,1,3,1,Balance,CT,35-44,Female,0,0,0
382,2021-01-11,1,1,1,3,Balance,NY,25-34,Male,0,0,0
383,2019-09-19,1,1,5,2,Weight Loss,MA,35-44,Female,0,0,0
384,2018-11-23,1,3,6,7,Balance,MA,25-34,Female,0,0,0
385,2021-11-07,1,2,4,2,Balance,WA,25-34,Female,0,1,0
386,2018-04-27,1,2,1,3,Weight Loss,NV,35-44,Male,0,1,0
387,2019-05-22,1,1,1,1,Balance,NY,45-54,Female,0,0,0
388,2021-07-10,1,2,1,2,Balance,AZ,25-34,Female,0,0,0
389,2022-01-06,1,1,1,1,Weight Loss,NY,35-44,Male,0,0,0
390,2018-08-25,1,1,1,1,Balance,NH,35-44,Female,0,0,0
391,2021-06-10,1,1,2,3,Weight Loss,NJ,45-54,Male,0,0,0
392,2020-01-17,1,1,3,4,Weight Loss,NY,25-34,Male,0,0,0
393,2021-09-08,1,2,3,1,Balance,CA,18-24,Male,0,0,0
394,2019-09-19,1,2,3,2,Balance,NC,35-44,Female,0,0,1
395,2021-12-07,1,1,3,1,Weight Loss,NY,45-54,Female,0,0,0
396,2019-08-20,1,2,4,3,Plant Based,CA,55-64,Female,0,0,0
397,2018-12-23,1,2,4,4,Balance,PA,35-44,Female,0,0,0
398,2020-08-14,1,1,2,1,Balance,NH,45-54,Female,0,0,0
399,2022-03-07,1,3,6,7,Balance,CT,45-54,Female,1,0,0
400,2022-08-04,1,1,4,4,Weight Loss,MA,35-44,Female,0,0,0
401,2020-07-15,1,1,2,4,Diabetic Friendly,NH,45-54,Female,0,0,0
402,2022-10-03,1,3,6,7,Weight Loss,NY,35-44,Female,0,0,0
403,2020-07-15,1,1,2,1,Plant Based,MA,35-44,Female,0,0,0
404,2019-11-18,1,1,3,6,Balance,RI,25-34,Female,0,0,0
405,2022-03-07,1,1,3,4,Balance,RI,25-34,Male,0,0,0
406,2022-07-05,1,1,3,4,Plant Based,CT,35-44,Male,0,0,1
407,2019-08-20,1,1,3,3,Balance,CT,25-34,Female,1,0,0
408,2020-03-17,1,2,3,6,Balance,MD,45-54,Female,0,0,0
409,2019-03-23,1,2,1,4,Weight Loss,AZ,35-44,Male,1,0,1
410,2018-11-23,1,1,4,2,Balance,RI,35-44,Female,0,0,0
411,2021-10-08,1,2,5,2,Diabetic Friendly,NV,25-34,Male,0,0,1
412,2021-06-10,1,1,1,1,Balance,NY,55-64,Male,0,0,0
413,2020-05-16,1,2,3,4,Plant Based,TN,55-64,Female,0,0,0
414,2020-12-12,1,1,3,6,Weight Loss,NH,25-34,Female,0,1,0
415,2021-02-10,1,1,2,3,Balance,MA,35-44,Female,0,0,0
416,2021-07-10,1,3,6,7,Diabetic Friendly,CT,25-34,Male,0,0,0
417,2019-04-22,1,1,4,2,Plant Based,CT,25-34,Female,0,1,0
418,2018-02-26,1,3,6,7,Balance,NY,25-34,Male,0,0,0
419,2022-07-05,1,3,6,7,Balance,CT,25-34,Female,0,0,0
420,2020-05-16,1,1,2,3,Balance,RI,55-64,Male,0,1,0
421,2020-04-16,1,1,2,3,Balance,MA,35-44,Female,0,0,0
422,2022-02-05,1,1,4,2,Plant Based,NH,25-34,Female,0,0,0
423,2020-04-16,1,2,3,4,Balance,NC,45-54,Male,0,0,0
424,2021-03-12,1,3,6,7,Weight Loss,CT,35-44,Male,0,0,1
425,2021-01-11,1,1,1,4,Weight Loss,CT,35-44,Female,0,0,0
426,2019-10-19,1,2,1,1,Plant Based,CO,55-64,Female,0,0,0
427,2021-04-11,1,1,3,2,Weight Loss,RI,45-54,Female,0,0,0
428,2021-01-11,1,2,3,3,Weight Loss,WA,45-54,Female,0,0,0
429,2020-01-17,1,1,2,5,Plant Based,NJ,55-64,Male,0,0,0
430,2020-09-13,1,1,1,1,Weight Loss,NJ,45-54,Female,1,1,0
431,2022-05-06,1,1,4,2,Diabetic Friendly,MA,25-34,Male,0,0,0
432,2020-12-12,1,1,2,1,Weight Loss,RI,25-34,Female,0,0,0
433,2019-02-21,1,3,6,7,Diabetic Friendly,CT,35-44,Female,0,0,0
434,2018-07-26,1,2,3,3,Balance,MN,25-34,Female,1,0,0
435,2022-10-03,1,1,1,4,Plant Based,MA,25-34,Female,0,0,0
436,2018-02-26,1,1,4,3,Plant Based,NH,35-44,Female,0,0,0
437,2018-07-26,1,2,4,1,Balance,TN,35-44,Female,0,0,0
438,2022-03-07,1,1,3,1,Balance,NJ,18-24,Female,0,0,0
439,2021-04-11,1,2,3,1,Diabetic Friendly,GA,18-24,Not Specified,0,0,0
440,2020-11-12,1,1,1,1,Weight Loss,CT,45-54,Female,0,0,0
441,2018-05-27,1,2,1,4,Balance,PA,35-44,Female,0,0,1
442,2018-11-23,1,3,6,7,Balance,CT,45-54,Female,0,0,0
443,2019-06-21,1,1,5,2,Weight Loss,NJ,25-34,Female,0,0,0
444,2022-03-07,1,1,3,1,Plant Based,NH,45-54,Female,0,0,1
445,2019-02-21,1,2,3,1,Diabetic Friendly,IL,35-44,Male,0,0,0
446,2020-12-12,1,1,3,2,Diabetic Friendly,MA,45-54,Female,0,0,0
447,2018-12-23,1,1,2,3,Weight Loss,CT,25-34,Male,0,0,0
448,2021-11-07,1,1,3,2,Balance,MA,35-44,Female,0,0,0
449,2022-01-06,1,3,6,7,Diabetic Friendly,CT,35-44,Female,0,0,0
450,2019-07-21,1,1,3,3,Plant Based,NJ,35-44,Female,0,0,0
451,2023-01-01,1,2,3,2,Weight Loss,GA,35-44,Female,0,0,0
452,2023-01-01,1,1,1,1,Balance,CT,25-34,Female,0,0,0
453,2023-01-01,1,2,1,1,Weight Loss,MI,18-24,Male,0,0,0
454,2023-01-01,1,1,1,3,Diabetic Friendly,NJ,35-44,Female,0,0,0
455,2023-01-01,1,1,4,1,Balance,MA,35-44,Female,0,0,0
456,2023-01-01,1,2,3,3,Weight Loss,OH,45-54,Female,0,0,0
457,2023-01-01,1,1,3,2,Weight Loss,CT,35-44,Male,0,0,0
458,2023-01-01,1,3,6,7,Weight Loss,NY,35-44,Male,0,0,0
459,2023-01-01,1,1,5,1,Diabetic Friendly,NY,35-44,Female,0,0,0
460,2023-01-01,1,1,1,6,Balance,RI,25-34,Male,0,0,0
461,2023-01-01,1,1,5,1,Balance,NY,25-34,Female,0,0,0
462,2023-01-01,1,2,3,3,Balance,FL,18-24,Female,0,0,0
463,2023-01-01,1,2,3,2,Weight Loss,IL,35-44,Female,1,0,0
464,2023-01-01,1,2,5,1,Plant Based,MN,45-54,Male,0,0,0
465,2023-01-01,1,1,1,2,Balance,NY,35-44,Female,1,0,0
466,2023-01-01,1,1,3,1,Weight Loss,NY,45-54,Female,0,0,0
467,2023-01-01,1,1,1,2,Plant Based,RI,25-34,Female,0,0,0
468,2023-01-01,1,1,5,2,Balance,NY,25-34,Female,0,0,0
469,2023-01-01,1,1,2,2,Weight Loss,RI,18-24,Female,0,0,0
470,2023-01-01,1,1,2,5,Balance,CT,35-44,Female,0,1,0
471,2023-01-01,1,1,5,4,Plant Based,NY,18-24,Male,1,0,1
472,2023-01-01,1,1,1,2,Plant Based,NY,35-44,Male,0,0,0
473,2023-01-01,1,1,3,1,Balance,NJ,25-34,Male,0,0,0
474,2023-01-01,1,1,2,4,Weight Loss,NJ,45-54,Female,0,0,0
475,2023-01-01,1,1,1,2,Plant Based,NJ,35-44,Female,0,0,0
476,2023-01-01,1,1,5,2,Weight Loss,CT,45-54,Female,0,0,0
477,2023-01-01,1,3,6,7,Balance,CT,18-24,Female,0,0,0
478,2023-01-01,1,3,6,7,Balance,NY,25-34,Female,0,0,0
479,2023-01-01,1,2,3,3,Weight Loss,NC,25-34,Male,0,0,0
480,2023-01-01,1,2,4,2,Weight Loss,GA,35-44,Female,0,0,0
481,2023-01-01,1,3,6,7,Balance,MA,35-44,Not Specified,1,0,0
482,2023-01-01,1,2,4,2,Weight Loss,WA,35-44,Male,0,0,0
483,2023-01-01,1,2,1,1,Diabetic Friendly,IL,35-44,Male,0,0,0
484,2023-01-01,1,1,3,2,Weight Loss,MA,35-44,Male,0,0,0
485,2023-01-01,1,1,1,2,Diabetic Friendly,CT,45-54,Not Specified,0,0,0
486,2023-01-01,1,1,5,6,Plant Based,CT,35-44,Female,0,0,0
487,2023-01-01,1,1,4,3,Balance,NJ,55-64,Female,0,0,0
488,2023-01-01,1,1,3,4,Balance,MA,55-64,Female,0,0,0
489,2023-01-01,1,1,5,1,Weight Loss,NJ,45-54,Male,0,0,0
490,2023-01-01,1,3,6,7,Weight Loss,CT,25-34,Male,0,0,0
491,2023-01-01,1,2,1,2,Weight Loss,NV,25-34,Male,0,0,0
492,2023-01-01,1,1,3,3,Balance,NJ,45-54,Female,0,0,0
493,2023-01-01,1,2,3,1,Weight Loss,MD,18-24,Female,0,0,0
494,2023-01-01,1,1,1,3,Weight Loss,CT,25-34,Male,0,0,0
495,2023-01-01,1,1,1,4,Balance,CT,35-44,Female,0,0,0
496,2023-01-01,1,1,3,2,Balance,NJ,35-44,Female,0,0,0
497,2023-01-01,1,2,1,1,Balance,TX,25-34,Female,0,0,0
498,2023-01-01,1,1,2,1,Weight Loss,MA,35-44,Male,0,0,0
499,2023-01-01,1,1,2,1,Plant Based,NY,25-34,Male,0,0,0
500,2023-01-01,1,1,1,3,Balance,NH,35-44,Female,0,0,0
501,2023-01-01,1,2,5,2,Weight Loss,MD,55-64,Not Specified,0,0,0
502,2023-01-01,1,1,2,1,Weight Loss,NY,35-44,Male,0,0,0
503,2023-01-01,1,2,1,1,Weight Loss,GA,25-34,Male,0,0,0
504,2023-01-01,1,1,4,1,Weight Loss,NY,35-44,Female,1,0,0
505,2023-01-01,1,2,4,2,Weight Loss,IL,35-44,Female,0,0,0
506,2023-01-01,1,2,4,3,Weight Loss,VA,35-44,Male,0,0,0
507,2023-01-01,1,1,1,2,Weight Loss,NJ,35-44,Female,1,0,0
508,2023-01-01,1,3,6,7,Balance,NY,25-34,Male,0,0,0
509,2023-01-01,1,1,2,3,Plant Based,NY,45-54,Male,0,1,0
510,2023-01-01,1,1,2,4,Balance,CT,35-44,Female,0,1,0
511,2023-01-01,1,1,1,2,Weight Loss,NY,25-34,Male,0,0,0
512,2023-01-01,1,1,4,5,Weight Loss,MA,25-34,Male,0,0,0
513,2023-01-01,1,1,3,3,Balance,MA,35-44,Female,0,0,0
514,2023-01-01,1,2,3,1,Balance,AZ,25-34,Female,0,0,0
515,2023-01-01,1,1,1,3,Weight Loss,MA,25-34,Female,0,0,0
516,2023-01-01,1,1,1,2,Plant Based,CT,35-44,Female,1,0,1
517,2023-01-01,1,1,2,1,Weight Loss,MA,35-44,Male,0,0,0
518,2023-01-01,1,2,1,5,Plant Based,NV,35-44,Female,0,0,0
519,2023-01-01,1,1,4,2,Balance,NJ,25-34,Male,0,0,0
520,2023-01-01,1,2,4,5,Weight Loss,WA,18-24,Female,0,0,0
521,2023-01-01,1,2,3,2,Weight Loss,PA,25-34,Female,1,0,0
522,2023-01-01,1,2,3,2,Diabetic Friendly,NC,35-44,Female,0,0,0
523,2023-01-01,1,1,3,1,Weight Loss,RI,18-24,Male,0,0,0
524,2023-01-01,1,1,1,2,Balance,NY,35-44,Male,0,0,0
525,2023-01-01,1,1,3,1,Plant Based,NJ,45-54,Male,0,1,0
526,2023-01-01,1,1,2,3,Weight Loss,NY,25-34,Male,0,0,0
527,2023-01-01,1,3,6,7,Weight Loss,NY,45-54,Not Specified,0,0,0
528,2023-01-01,1,2,1,5,Diabetic Friendly,AZ,18-24,Female,0,0,0
529,2023-01-01,1,1,4,2,Balance,NH,35-44,Female,0,0,0
530,2023-01-01,1,1,4,2,Weight Loss,NH,25-34,Male,0,1,0
531,2023-01-01,1,1,3,6,Balance,NH,25-34,Male,0,0,0
532,2023-01-01,1,3,6,7,Balance,CT,35-44,Female,0,0,0
533,2023-01-08,2,1,4,1,Weight Loss,NH,35-44,Female,0,0,0
534,2023-01-08,2,2,3,6,Balance,IL,45-54,Female,0,0,0
535,2023-01-08,2,1,4,1,Weight Loss,NY,45-54,Not Specified,1,0,0
536,2023-01-08,2,1,5,2,Balance,MA,35-44,Male,0,0,0
537,2023-01-08,2,3,6,7,Balance,NY,18-24,Male,0,0,0
538,2023-01-08,2,1,3,3,Weight Loss,NH,25-34,Male,1,0,0
539,2023-01-08,2,1,2,3,Balance,RI,25-34,Male,0,0,0
540,2023-01-08,2,2,4,1,Weight Loss,CO,35-44,Male,0,0,0
541,2023-01-08,2,1,4,4,Weight Loss,CT,35-44,Male,0,0,0
542,2023-01-08,2,2,3,4,Balance,TX,25-34,Female,0,0,0
543,2023-01-08,2,1,3,2,Balance,NH,35-44,Female,0,0,0
544,2023-01-08,2,1,3,1,Diabetic Friendly,NY,35-44,Not Specified,0,0,0
545,2023-01-08,2,1,4,1,Weight Loss,RI,35-44,Male,0,0,0
546,2023-01-08,2,1,3,1,Weight Loss,NJ,35-44,Male,1,1,0
547,2023-01-08,2,1,4,1,Balance,CT,35-44,Female,0,0,0
548,2023-01-08,2,2,4,1,Plant Based,IL,25-34,Male,0,0,0
549,2023-01-08,2,3,6,7,Balance,CT,25-34,Male,1,0,0
550,2023-01-08,2,2,3,4,Balance,WA,18-24,Female,0,0,0
551,2023-01-08,2,1,3,5,Weight Loss,MA,25-34,Female,0,0,0
552,2023-01-08,2,2,4,1,Balance,OR,35-44,Female,0,0,0
553,2023-01-08,2,2,4,1,Weight Loss,TX,45-54,Female,0,0,0
554,2023-01-08,2,1,4,4,Weight Loss,NJ,18-24,Not Specified,0,0,0
555,2023-01-08,2,3,6,7,Balance,NY,25-34,Female,0,0,0
556,2023-01-08,2,3,6,7,Balance,NY,35-44,Male,0,0,1
557,2023-01-08,2,1,2,2,Balance,CT,35-44,Female,0,0,0
558,2023-01-08,2,1,4,3,Weight Loss,MA,18-24,Female,0,0,0
559,2023-01-08,2,1,1,1,Plant Based,MA,18-24,Female,0,0,0
560,2023-01-08,2,2,1,3,Diabetic Friendly,NV,18-24,Female,0,0,0
561,2023-01-08,2,1,3,1,Weight Loss,NJ,45-54,Male,1,0,0
562,2023-01-08,2,1,1,3,Weight Loss,MA,18-24,Female,0,0,0
563,2023-01-08,2,1,5,3,Balance,MA,45-54,Male,0,0,0
564,2023-01-08,2,1,4,1,Balance,CT,25-34,Female,0,0,0
565,2023-01-08,2,2,4,1,Weight Loss,TN,18-24,Female,1,0,0
566,2023-01-08,2,1,3,1,Weight Loss,NH,35-44,Female,0,0,1
567,2023-01-08,2,1,3,1,Plant Based,NH,25-34,Female,0,0,0
568,2023-01-08,2,3,6,7,Balance,CT,45-54,Female,0,0,0
569,2023-01-08,2,1,1,1,Plant Based,CT,45-54,Female,0,0,1
570,2023-01-08,2,1,2,2,Plant Based,CT,45-54,Female,0,0,0
571,2023-01-08,2,2,3,1,Balance,VA,35-44,Female,0,0,0
572,2023-01-08,2,1,2,1,Weight Loss,MA,45-54,Female,0,0,0
573,2023-01-08,2,3,6,7,Balance,MA,35-44,Female,0,0,0
574,2023-01-08,2,1,1,1,Weight Loss,RI,18-24,Female,0,0,0
575,2023-01-08,2,1,3,4,Weight Loss,RI,35-44,Female,0,0,0
576,2023-01-08,2,3,6,7,Plant Based,NY,25-34,Female,0,1,0
577,2023-01-08,2,3,6,7,Balance,MA,35-44,Male,0,0,0
578,2023-01-08,2,1,1,2,Plant Based,MA,18-24,Female,0,0,0
579,2023-01-08,2,1,1,4,Weight Loss,CT,35-44,Female,0,0,0
580,2023-01-08,2,1,2,3,Plant Based,NJ,45-54,Female,0,0,0
581,2023-01-08,2,1,3,3,Balance,RI,35-44,Female,0,0,0
582,2023-01-08,2,2,3,1,Weight Loss,NV,35-44,Female,0,0,0
583,2023-01-08,2,1,1,2,Weight Loss,MA,25-34,Female,0,1,0
584,2023-01-08,2,1,1,1,Weight Loss,RI,55-64,Male,0,0,0
585,2023-01-08,2,1,4,2,Weight Loss,RI,18-24,Female,0,0,0
586,2023-01-08,2,1,3,2,Balance,NY,35-44,Male,0,0,0
587,2023-01-08,2,1,1,2,Balance,NH,55-64,Female,0,0,0
588,2023-01-08,2,1,3,3,Balance,CT,55-64,Female,0,0,0
589,2023-01-08,2,2,1,1,Plant Based,AZ,45-54,Female,0,0,0
590,2023-01-08,2,2,3,3,Plant Based,VA,35-44,Female,0,0,0
591,2023-01-08,2,1,2,1,Plant Based,NH,25-34,Female,0,0,0
592,2023-01-08,2,1,5,4,Weight Loss,CT,35-44,Female,0,1,0
593,2023-01-08,2,1,2,1,Weight Loss,RI,35-44,Not Specified,0,0,0
594,2023-01-08,2,1,5,2,Weight Loss,MA,25-34,Female,0,1,0
595,2023-01-08,2,3,6,7,Weight Loss,NY,25-34,Male,0,0,0
596,2023-01-08,2,2,3,1,Weight Loss,OR,18-24,Male,1,1,0
597,2023-01-08,2,1,1,1,Weight Loss,RI,35-44,Female,0,0,1
598,2023-01-08,2,1,3,6,Diabetic Friendly,NH,35-44,Female,0,0,1
599,2023-01-08,2,2,1,4,Balance,TN,25-34,Female,0,0,0
600,2023-01-08,2,1,4,3,Weight Loss,NJ,35-44,Female,0,0,0
601,2023-01-08,2,1,3,1,Balance,NY,55-64,Female,0,0,0
602,2023-01-08,2,1,2,5,Weight Loss,MA,35-44,Male,0,0,0
603,2023-01-08,2,1,3,4,Balance,NY,35-44,Female,0,0,0
604,2023-01-08,2,1,5,4,Weight Loss,RI,35-44,Male,0,0,0
605,2023-01-08,2,1,4,2,Diabetic Friendly,MA,35-44,Female,0,0,0
606,2023-01-08,2,2,3,3,Balance,IL,25-34,Male,0,0,0
607,2023-01-08,2,1,2,2,Diabetic Friendly,MA,25-34,Female,0,0,0
608,2023-01-08,2,2,4,3,Balance,OH,25-34,Female,0,0,0
609,2023-01-08,2,2,1,3,Plant Based,CO,18-24,Female,0,0,0
610,2023-01-08,2,3,6,7,Balance,MA,35-44,Male,0,0,0
611,2023-01-08,2,3,6,7,Weight Loss,CT,35-44,Male,0,0,0
612,2023-01-08,2,1,3,2,Balance,MA,45-54,Male,0,0,0
613,2023-01-08,2,2,4,1,Balance,CA,35-44,Male,0,0,0
614,2023-01-08,2,1,1,4,Plant Based,MA,18-24,Female,0,0,1
615,2023-01-08,2,1,1,2,Balance,RI,25-34,Female,0,0,0
616,2023-01-08,2,2,1,4,Diabetic Friendly,CA,55-64,Female,0,0,0
617,2023-01-15,3,1,1,3,Balance,MA,25-34,Female,0,0,0
618,2023-01-15,3,3,6,7,Diabetic Friendly,MA,45-54,Male,0,0,0
619,2023-01-15,3,2,1,2,Balance,IL,25-34,Female,1,0,0
620,2023-01-15,3,1,3,2,Balance,CT,35-44,Female,0,0,0
621,2023-01-15,3,2,2,2,Diabetic Friendly,OR,35-44,Male,0,0,0
622,2023-01-15,3,1,5,2,Balance,MA,35-44,Male,1,0,0
623,2023-01-15,3,2,4,5,Balance,IL,25-34,Female,0,0,0
624,2023-01-15,3,1,4,1,Weight Loss,NH,35-44,Female,0,0,0
625,2023-01-15,3,1,5,6,Weight Loss,NY,25-34,Female,0,0,0
626,2023-01-15,3,3,6,7,Balance,MA,18-24,Female,0,0,0
627,2023-01-15,3,2,3,3,Plant Based,PA,35-44,Female,0,0,0
628,2023-01-15,3,1,2,2,Plant Based,NY,35-44,Not Specified,1,0,0
629,2023-01-15,3,1,4,2,Balance,RI,25-34,Male,0,0,0
630,2023-01-15,3,1,4,2,Balance,RI,35-44,Male,0,0,0
631,2023-01-15,3,3,6,7,Balance,CT,25-34,Male,0,0,0
632,2023-01-15,3,1,1,1,Plant Based,MA,25-34,Male,1,0,0
633,2023-01-15,3,1,5,2,Balance,RI,25-34,Female,0,1,0
634,2023-01-15,3,3,6,7,Balance,MA,18-24,Female,0,0,0
635,2023-01-15,3,3,6,7,Balance,NY,35-44,Female,0,0,0
636,2023-01-15,3,1,1,3,Balance,NH,35-44,Male,0,0,0
637,2023-01-15,3,1,3,6,Balance,NH,45-54,Female,0,0,0
638,2023-01-15,3,2,4,3,Weight Loss,FL,25-34,Female,0,0,0
639,2023-01-15,3,1,3,1,Weight Loss,RI,25-34,Female,0,0,0
640,2023-01-15,3,1,3,2,Balance,MA,35-44,Male,0,0,0
641,2023-01-15,3,2,5,3,Balance,MN,25-34,Female,0,0,0
642,2023-01-15,3,2,3,4,Balance,MN,25-34,Female,0,0,0
643,2023-01-15,3,2,2,1,Balance,TN,45-54,Female,0,0,0
644,2023-01-15,3,3,6,7,Balance,MA,25-34,Female,0,0,0
645,2023-01-15,3,3,6,7,Weight Loss,CT,18-24,Male,1,0,0
646,2023-01-15,3,3,6,7,Plant Based,NY,35-44,Male,0,0,0
647,2023-01-15,3,1,4,5,Weight Loss,NY,45-54,Not Specified,0,0,0
648,2023-01-15,3,1,4,2,Plant Based,MA,45-54,Male,0,0,0
649,2023-01-15,3,1,5,2,Balance,CT,35-44,Female,0,0,0
650,2023-01-15,3,1,1,1,Plant Based,NJ,25-34,Female,0,0,0
651,2023-01-15,3,3,6,7,Plant Based,MA,35-44,Not Specified,0,0,0
652,2023-01-15,3,2,3,3,Diabetic Friendly,AZ,35-44,Female,0,0,1
653,2023-01-15,3,3,6,7,Balance,NY,55-64,Male,0,0,0
654,2023-01-15,3,1,4,4,Weight Loss,RI,18-24,Male,0,0,0
655,2023-01-15,3,1,4,5,Plant Based,RI,45-54,Male,0,0,0
656,2023-01-15,3,2,3,1,Balance,WA,35-44,Male,0,0,0
657,2023-01-15,3,2,3,1,Balance,WA,35-44,Male,0,0,0
658,2023-01-15,3,1,3,5,Balance,RI,25-34,Male,0,0,0
659,2023-01-15,3,1,4,5,Plant Based,NH,25-34,Not Specified,0,0,0
660,2023-01-15,3,3,6,7,Balance,NY,35-44,Female,0,0,0
661,2023-01-15,3,1,1,3,Balance,RI,35-44,Male,0,0,0
662,2023-01-15,3,1,1,4,Plant Based,CT,25-34,Female,0,0,0
663,2023-01-15,3,3,6,7,Weight Loss,NY,25-34,Female,0,1,0
664,2023-01-15,3,1,5,2,Weight Loss,NH,35-44,Female,0,0,0
665,2023-01-15,3,2,4,3,Balance,TN,25-34,Female,0,0,0
666,2023-01-15,3,3,6,7,Diabetic Friendly,CT,35-44,Male,1,0,0
667,2023-01-15,3,1,3,1,Plant Based,NH,18-24,Female,0,0,0
668,2023-01-15,3,1,2,2,Balance,MA,25-34,Female,0,0,0
669,2023-01-15,3,2,3,5,Weight Loss,MN,45-54,Female,0,0,0
670,2023-01-15,3,3,6,7,Weight Loss,MA,45-54,Male,0,0,1
671,2023-01-15,3,1,2,3,Weight Loss,NH,55-64,Male,1,0,0
672,2023-01-15,3,1,1,3,Balance,NH,25-34,Female,0,0,0
673,2023-01-15,3,2,3,6,Weight Loss,GA,35-44,Female,1,0,0
674,2023-01-15,3,3,6,7,Balance,MA,55-64,Female,0,0,0
675,2023-01-15,3,1,1,4,Weight Loss,MA,35-44,Not Specified,0,1,0
676,2023-01-15,3,2,3,3,Weight Loss,OR,55-64,Female,0,1,0
677,2023-01-15,3,1,4,2,Weight Loss,MA,25-34,Female,0,0,0
678,2023-01-15,3,1,1,4,Balance,CT,45-54,Male,0,0,0
679,2023-01-15,3,2,5,3,Balance,AZ,25-34,Female,0,0,0
680,2023-01-15,3,1,2,4,Plant Based,NY,35-44,Female,0,1,0
681,2023-01-15,3,1,3,3,Diabetic Friendly,CT,35-44,Male,1,0,1
682,2023-01-15,3,2,1,1,Diabetic Friendly,AZ,45-54,Female,0,1,1
683,2023-01-15,3,1,3,2,Weight Loss,MA,35-44,Male,0,0,0
684,2023-01-15,3,1,3,1,Balance,NJ,35-44,Female,0,0,0
685,2023-01-15,3,1,2,4,Balance,NJ,45-54,Male,0,1,0
686,2023-01-15,3,1,1,2,Balance,NJ,25-34,Female,0,0,0
687,2023-01-15,3,3,6,7,Weight Loss,CT,25-34,Male,0,0,0
688,2023-01-15,3,2,1,1,Balance,AZ,45-54,Male,0,1,0
689,2023-01-22,4,2,4,4,Weight Loss,MN,25-34,Male,0,0,0
690,2023-01-22,4,3,6,7,Weight Loss,CT,55-64,Female,0,0,0
691,2023-01-22,4,2,1,1,Weight Loss,TN,35-44,Not Specified,0,0,0
692,2023-01-22,4,2,1,2,Weight Loss,AZ,35-44,Male,0,0,0
693,2023-01-22,4,1,2,2,Balance,MA,45-54,Female,0,0,0
694,2023-01-22,4,1,2,1,Weight Loss,NJ,35-44,Female,0,0,0
695,2023-01-22,4,3,6,7,Weight Loss,CT,25-34,Female,0,0,0
696,2023-01-22,4,2,4,4,Plant Based,CO,35-44,Female,0,0,0
697,2023-01-22,4,1,3,4,Diabetic Friendly,NY,35-44,Female,0,0,0
698,2023-01-29,5,1,1,4,Weight Loss,CT,45-54,Female,1,0,0
699,2023-01-29,5,1,4,4,Plant Based,RI,35-44,Male,0,0,0
700,2023-01-29,5,1,5,2,Weight Loss,MA,45-54,Female,1,0,0
701,2023-01-29,5,3,6,7,Balance,CT,25-34,Male,0,0,0
702,2023-01-29,5,1,4,2,Plant Based,NH,25-34,Female,0,0,0
703,2023-01-29,5,3,6,7,Balance,MA,45-54,Female,0,1,0
704,2023-01-29,5,2,3,1,Plant Based,CO,35-44,Male,0,0,0
705,2023-01-29,5,3,6,7,Plant Based,CT,25-34,Female,0,1,0
706,2023-01-29,5,3,6,7,Balance,MA,35-44,Male,0,0,1
707,2023-01-29,5,3,6,7,Diabetic Friendly,MA,18-24,Male,0,0,0
708,2023-01-29,5,1,4,3,Plant Based,NH,35-44,Female,0,0,0
709,2023-02-05,6,2,3,5,Weight Loss,OR,35-44,Female,0,0,0
710,2023-02-05,6,2,1,2,Balance,AZ,35-44,Male,0,0,0
711,2023-02-05,6,1,3,4,Balance,RI,18-24,Male,0,0,0
712,2023-02-05,6,2,1,1,Balance,MD,35-44,Female,1,0,0
713,2023-02-05,6,1,1,2,Balance,NJ,45-54,Male,0,0,0
714,2023-02-05,6,2,3,1,Plant Based,NC,35-44,Male,0,0,0
715,2023-02-05,6,1,1,4,Weight Loss,NY,25-34,Female,0,1,0
716,2023-02-05,6,1,2,2,Weight Loss,CT,35-44,Female,0,0,0
717,2023-02-05,6,1,3,5,Weight Loss,NH,35-44,Female,0,0,0
718,2023-02-12,7,2,3,3,Diabetic Friendly,OR,25-34,Not Specified,0,0,0
719,2023-02-12,7,2,3,1,Balance,TX,25-34,Female,1,0,0
720,2023-02-12,7,1,4,1,Plant Based,RI,35-44,Female,0,0,0
721,2023-02-12,7,2,5,4,Weight Loss,OR,35-44,Male,0,0,0
722,2023-02-12,7,1,1,3,Balance,NH,35-44,Male,0,0,0
723,2023-02-12,7,1,4,3,Weight Loss,NJ,45-54,Male,0,0,0
724,2023-02-12,7,2,3,1,Diabetic Friendly,IL,35-44,Male,0,0,0
725,2023-02-12,7,1,1,5,Balance,MA,18-24,Male,0,0,0
726,2023-02-19,8,1,3,2,Balance,NY,45-54,Female,0,0,0
727,2023-02-19,8,1,1,6,Weight Loss,RI,25-34,Female,0,0,0
728,2023-02-19,8,2,3,2,Balance,TX,18-24,Female,0,0,0
729,2023-02-19,8,1,1,1,Weight Loss,MA,25-34,Female,0,0,0
730,2023-02-19,8,1,2,2,Weight Loss,NY,25-34,Male,0,0,0
731,2023-02-19,8,1,3,1,Weight Loss,NY,35-44,Male,0,0,0
732,2023-02-19,8,1,4,2,Weight Loss,CT,45-54,Female,1,0,0
733,2023-02-19,8,1,1,5,Weight Loss,CT,35-44,Male,0,0,0
734,2023-02-19,8,2,3,1,Weight Loss,MD,18-24,Female,0,0,0
735,2023-02-19,8,3,6,7,Balance,NY,35-44,Male,0,0,0
736,2023-02-19,8,3,6,7,Weight Loss,CT,25-34,Not Specified,0,0,0
737,2023-02-19,8,1,1,5,Weight Loss,NJ,18-24,Female,0,0,0
738,2023-02-19,8,1,3,4,Weight Loss,NH,18-24,Female,0,0,0
739,2023-02-19,8,1,4,2,Balance,NH,45-54,Male,1,0,0
740,2023-02-26,9,1,1,1,Diabetic Friendly,NJ,25-34,Female,0,0,0
741,2023-02-26,9,1,5,1,Weight Loss,NH,35-44,Male,1,0,0
742,2023-02-26,9,1,3,2,Weight Loss,RI,35-44,Female,0,0,1
743,2023-02-26,9,1,1,5,Plant Based,MA,45-54,Male,0,0,1
744,2023-02-26,9,3,6,7,Weight Loss,CT,25-34,Female,0,0,0
745,2023-02-26,9,3,6,7,Plant Based,MA,25-34,Male,0,0,0
746,2023-02-26,9,1,4,5,Balance,NY,25-34,Female,0,1,0
747,2023-02-26,9,1,4,6,Balance,NY,35-44,Not Specified,0,0,0
748,2023-02-26,9,1,1,2,Plant Based,NJ,35-44,Male,0,0,0
749,2023-02-26,9,1,4,4,Weight Loss,RI,25-34,Female,0,0,0
750,2023-02-26,9,1,1,1,Balance,MA,25-34,Male,1,0,0
751,2023-02-26,9,1,3,2,Balance,RI,18-24,Female,0,0,0
752,2023-02-26,9,1,4,3,Weight Loss,NY,35-44,Female,0,0,0
753,2023-02-26,9,2,3,2,Balance,CA,25-34,Male,1,0,0
754,2023-03-05,10,2,3,2,Weight Loss,MI,25-34,Female,1,0,0
755,2023-03-05,10,1,4,2,Plant Based,NJ,45-54,Female,0,0,0
756,2023-03-05,10,1,3,1,Balance,NY,45-54,Female,1,0,0
757,2023-03-05,10,2,4,2,Weight Loss,GA,35-44,Not Specified,0,0,0
758,2023-03-05,10,3,6,7,Balance,CT,25-34,Female,0,0,0
759,2023-03-05,10,3,6,7,Balance,CT,25-34,Male,0,0,0
760,2023-03-05,10,1,2,2,Plant Based,NJ,18-24,Female,0,0,0
761,2023-03-05,10,1,3,4,Balance,NJ,18-24,Female,0,0,0
762,2023-03-05,10,1,1,1,Balance,NY,25-34,Female,0,0,0
763,2023-03-12,11,1,2,1,Plant Based,CT,35-44,Not Specified,0,0,0
764,2023-03-12,11,3,6,7,Balance,MA,45-54,Female,0,0,0
765,2023-03-12,11,1,5,1,Balance,NH,35-44,Female,0,0,0
766,2023-03-12,11,1,4,4,Diabetic Friendly,RI,45-54,Female,1,0,0
767,2023-03-12,11,1,2,5,Plant Based,NY,25-34,Female,0,0,0
768,2023-03-12,11,1,3,3,Weight Loss,NH,45-54,Male,0,0,0
769,2023-03-12,11,1,2,5,Weight Loss,CT,55-64,Female,0,0,0
770,2023-03-12,11,1,1,1,Weight Loss,RI,25-34,Female,0,0,0
771,2023-03-19,12,1,2,1,Balance,CT,45-54,Female,0,0,1
772,2023-03-19,12,1,1,1,Balance,CT,25-34,Female,0,0,0
773,2023-03-19,12,2,1,3,Balance,MI,45-54,Male,0,0,0
774,2023-03-19,12,1,4,2,Weight Loss,RI,35-44,Male,0,0,0
775,2023-03-19,12,1,1,3,Balance,NH,25-34,Male,0,0,0
776,2023-03-19,12,1,2,1,Plant Based,MA,35-44,Female,0,0,0
777,2023-03-19,12,2,3,3,Weight Loss,PA,35-44,Female,0,0,0
778,2023-03-19,12,2,3,3,Weight Loss,NV,18-24,Female,0,0,0
779,2023-03-19,12,2,5,1,Balance,TN,35-44,Female,1,0,0
780,2023-03-19,12,3,6,7,Balance,MA,35-44,Female,0,0,1
781,2023-03-19,12,1,2,1,Weight Loss,NH,18-24,Female,0,0,0
782,2023-03-26,13,1,1,2,Weight Loss,MA,35-44,Male,0,0,0
783,2023-03-26,13,2,1,3,Balance,VA,25-34,Male,0,0,0
784,2023-03-26,13,1,3,1,Balance,NH,35-44,Female,0,1,0
785,2023-03-26,13,2,3,4,Plant Based,OR,35-44,Male,0,0,0
786,2023-03-26,13,2,3,5,Balance,MN,35-44,Female,0,0,0
787,2023-03-26,13,1,3,3,Balance,NJ,35-44,Male,0,0,0
788,2023-03-26,13,1,1,1,Plant Based,RI,25-34,Female,0,0,0
789,2023-03-26,13,1,3,2,Balance,NJ,35-44,Female,1,0,0
790,2023-03-26,13,1,4,2,Balance,NJ,35-44,Female,0,0,0
791,2023-03-26,13,2,4,3,Balance,OH,25-34,Male,0,0,1
792,2023-03-26,13,1,2,1,Balance,NH,35-44,Female,0,0,0
793,2023-03-26,13,2,3,2,Balance,IL,18-24,Male,0,0,0
794,2023-03-26,13,1,1,1,Balance,MA,45-54,Male,1,0,0
795,2023-04-02,14,2,3,1,Balance,TX,35-44,Female,0,0,0
796,2023-04-02,14,1,1,2,Balance,CT,35-44,Female,0,0,0
797,2023-04-02,14,1,2,1,Balance,NY,25-34,Male,0,0,0
798,2023-04-02,14,3,6,7,Balance,CT,55-64,Male,0,0,0
799,2023-04-02,14,3,6,7,Balance,CT,25-34,Male,0,0,0
800,2023-04-02,14,1,3,3,Balance,MA,35-44,Female,0,0,0
801,2023-04-02,14,2,3,3,Plant Based,IL,35-44,Female,0,0,0
802,2023-04-02,14,1,1,3,Diabetic Friendly,MA,35-44,Male,0,0,0
803,2023-04-02,14,1,3,1,Balance,NH,45-54,Female,0,0,0
804,2023-04-09,15,2,3,2,Balance,NC,35-44,Female,0,1,0
805,2023-04-09,15,2,5,1,Balance,PA,35-44,Male,0,0,0
806,2023-04-09,15,1,4,1,Balance,CT,25-34,Female,0,0,0
807,2023-04-09,15,2,5,2,Balance,FL,35-44,Female,0,0,0
808,2023-04-09,15,3,6,7,Balance,NY,35-44,Male,0,0,0
809,2023-04-09,15,1,1,2,Balance,NJ,25-34,Female,0,0,0
810,2023-04-09,15,1,1,4,Weight Loss,CT,25-34,Female,0,0,0
811,2023-04-09,15,1,3,3,Weight Loss,RI,18-24,Male,0,0,0
812,2023-04-09,15,1,4,4,Balance,RI,35-44,Male,0,1,0
813,2023-04-09,15,1,1,1,Plant Based,CT,35-44,Male,0,0,0
814,2023-04-16,16,3,6,7,Balance,MA,35-44,Not Specified,0,1,0
815,2023-04-16,16,2,3,3,Diabetic Friendly,TN,35-44,Female,0,0,0
816,2023-04-16,16,1,3,2,Balance,NY,35-44,Male,0,1,0
817,2023-04-16,16,2,4,1,Balance,CO,45-54,Male,1,0,0
818,2023-04-16,16,1,2,2,Balance,NJ,35-44,Female,0,0,0
819,2023-04-16,16,1,3,4,Balance,MA,18-24,Female,0,0,0
820,2023-04-16,16,1,5,1,Weight Loss,NJ,18-24,Female,0,1,1
821,2023-04-16,16,1,3,1,Balance,NH,45-54,Female,0,0,0
822,2023-04-16,16,1,2,2,Diabetic Friendly,MA,25-34,Female,0,0,0
823,2023-04-16,16,2,5,4,Diabetic Friendly,WA,35-44,Female,1,0,0
824,2023-04-16,16,1,4,2,Plant Based,NH,45-54,Female,0,0,0
825,2023-04-16,16,2,3,3,Weight Loss,NC,35-44,Female,0,0,0
826,2023-04-16,16,2,3,5,Diabetic Friendly,CA,45-54,Male,0,0,0
827,2023-04-16,16,2,3,5,Diabetic Friendly,CO,55-64,Male,0,0,0
828,2023-04-23,17,2,4,4,Weight Loss,MD,18-24,Female,1,0,0
829,2023-04-23,17,3,6,7,Balance,NY,35-44,Female,0,0,0
830,2023-04-23,17,2,1,6,Balance,FL,45-54,Female,0,0,0
831,2023-04-23,17,2,4,5,Weight Loss,IL,35-44,Male,0,0,0
832,2023-04-23,17,3,6,7,Weight Loss,MA,25-34,Male,0,0,0
833,2023-04-23,17,2,4,1,Balance,MN,25-34,Female,0,0,0
834,2023-04-23,17,1,1,2,Balance,RI,45-54,Female,0,0,0
835,2023-04-23,17,1,4,5,Balance,RI,35-44,Male,1,1,0
836,2023-04-23,17,1,4,2,Weight Loss,RI,35-44,Female,0,0,0
837,2023-04-23,17,2,3,3,Balance,AZ,45-54,Female,0,0,0
838,2023-04-30,18,1,1,3,Plant Based,RI,55-64,Female,0,0,0
839,2023-04-30,18,3,6,7,Balance,CT,55-64,Male,0,0,0
840,2023-04-30,18,1,3,2,Balance,NJ,18-24,Male,0,0,0
841,2023-04-30,18,1,1,4,Weight Loss,MA,45-54,Male,0,0,0
842,2023-04-30,18,1,3,5,Balance,NJ,45-54,Female,0,0,0
843,2023-04-30,18,1,2,6,Weight Loss,CT,25-34,Female,0,0,0
844,2023-04-30,18,1,3,3,Diabetic Friendly,NY,35-44,Female,1,0,0
845,2023-04-30,18,2,4,2,Weight Loss,OH,45-54,Male,0,0,0
846,2023-04-30,18,1,2,1,Balance,NJ,25-34,Male,0,0,0
847,2023-04-30,18,3,6,7,Balance,NY,45-54,Male,0,0,0
848,2023-04-30,18,1,1,2,Weight Loss,NY,45-54,Female,0,0,0
849,2023-04-30,18,2,3,2,Weight Loss,MD,35-44,Male,0,0,0
850,2023-04-30,18,3,6,7,Plant Based,MA,35-44,Female,0,0,1
851,2023-05-07,19,2,3,4,Balance,FL,55-64,Female,0,0,0
852,2023-05-07,19,3,6,7,Balance,MA,18-24,Not Specified,0,0,0
853,2023-05-07,19,1,3,2,Diabetic Friendly,NH,25-34,Female,0,1,0
854,2023-05-07,19,1,1,4,Balance,CT,25-34,Female,0,0,0
855,2023-05-07,19,1,2,2,Diabetic Friendly,NY,35-44,Female,0,0,0
856,2023-05-07,19,1,3,1,Weight Loss,MA,35-44,Male,0,0,0
857,2023-05-07,19,1,2,4,Balance,CT,55-64,Female,0,0,0
858,2023-05-07,19,1,3,2,Balance,RI,25-34,Male,0,1,0
859,2023-05-07,19,3,6,7,Diabetic Friendly,NY,45-54,Female,0,0,0
860,2023-05-07,19,2,3,3,Plant Based,IL,35-44,Male,0,0,0
861,2023-05-14,20,1,3,4,Weight Loss,NJ,45-54,Female,0,0,0
862,2023-05-14,20,2,1,3,Balance,PA,45-54,Male,0,0,0
863,2023-05-14,20,1,1,6,Plant Based,NH,35-44,Female,0,0,0
864,2023-05-14,20,2,3,1,Balance,AZ,45-54,Male,0,1,0
865,2023-05-14,20,1,1,3,Weight Loss,NY,35-44,Male,0,0,0
866,2023-05-14,20,2,3,3,Weight Loss,VA,35-44,Female,1,0,0
867,2023-05-14,20,1,4,3,Balance,NH,45-54,Not Specified,0,0,0
868,2023-05-14,20,2,5,3,Plant Based,OR,35-44,Female,1,0,0
869,2023-05-14,20,3,6,7,Weight Loss,NY,25-34,Not Specified,0,0,0
870,2023-05-14,20,3,6,7,Balance,MA,35-44,Female,1,0,0
871,2023-05-14,20,3,6,7,Weight Loss,CT,45-54,Male,0,0,1
872,2023-05-14,20,1,2,2,Balance,NH,45-54,Female,0,0,0
873,2023-05-14,20,1,4,2,Diabetic Friendly,NY,18-24,Male,0,0,0
874,2023-05-21,21,1,3,1,Diabetic Friendly,CT,35-44,Female,0,0,1
875,2023-05-21,21,3,6,7,Balance,CT,25-34,Female,0,0,0
876,2023-05-21,21,1,5,6,Diabetic Friendly,CT,25-34,Female,0,0,0
877,2023-05-21,21,2,3,5,Plant Based,TN,35-44,Female,1,1,0
878,2023-05-21,21,1,1,3,Balance,NJ,55-64,Male,0,0,0
879,2023-05-21,21,2,3,3,Balance,NC,25-34,Female,0,0,0
880,2023-05-21,21,1,4,4,Weight Loss,NH,35-44,Female,0,0,0
881,2023-05-21,21,1,2,1,Balance,CT,25-34,Female,0,0,0
882,2023-05-21,21,1,3,1,Balance,NJ,35-44,Female,0,0,0
883,2023-05-21,21,1,4,1,Plant Based,RI,25-34,Female,0,0,0
884,2023-05-21,21,1,1,1,Diabetic Friendly,NY,25-34,Female,1,1,0
885,2023-05-21,21,3,6,7,Balance,NY,45-54,Male,0,0,0
886,2023-05-28,22,1,1,1,Weight Loss,NH,35-44,Female,0,0,0
887,2023-05-28,22,1,5,1,Weight Loss,NH,25-34,Male,0,0,0
888,2023-05-28,22,1,2,3,Plant Based,CT,45-54,Male,0,0,0
889,2023-05-28,22,2,5,1,Weight Loss,IL,55-64,Female,1,0,0
890,2023-05-28,22,1,5,1,Diabetic Friendly,MA,25-34,Male,0,0,0
891,2023-05-28,22,1,4,2,Plant Based,NH,35-44,Female,0,0,0
892,2023-05-28,22,2,3,3,Weight Loss,MD,25-34,Female,0,0,0
893,2023-05-28,22,1,2,3,Diabetic Friendly,CT,25-34,Female,0,1,0
894,2023-05-28,22,3,6,7,Weight Loss,MA,18-24,Female,0,0,0
895,2023-05-28,22,2,3,1,Plant Based,NV,25-34,Not Specified,0,1,0
896,2023-05-28,22,2,1,6,Weight Loss,MI,55-64,Male,0,0,0
897,2023-06-04,23,3,6,7,Plant Based,NY,35-44,Female,0,0,0
898,2023-06-04,23,2,1,1,Weight Loss,TN,25-34,Male,1,0,0
899,2023-06-04,23,3,6,7,Weight Loss,MA,55-64,Female,0,0,0
900,2023-06-04,23,2,1,1,Balance,GA,45-54,Not Specified,1,0,0
901,2023-06-04,23,2,3,1,Plant Based,IL,45-54,Male,1,0,0
902,2023-06-04,23,1,3,4,Balance,NJ,45-54,Female,0,0,0
903,2023-06-04,23,1,4,4,Balance,NY,35-44,Female,0,0,0
904,2023-06-11,24,2,3,1,Plant Based,IL,35-44,Female,0,0,0
905,2023-06-11,24,1,1,5,Balance,RI,45-54,Male,1,0,0
906,2023-06-11,24,1,2,3,Balance,RI,45-54,Male,0,0,0
907,2023-06-11,24,1,1,2,Plant Based,NY,35-44,Male,0,0,0
908,2023-06-18,25,2,4,3,Balance,MI,18-24,Male,0,0,0
909,2023-06-18,25,1,4,6,Plant Based,NJ,25-34,Female,0,0,0
910,2023-06-18,25,1,2,2,Weight Loss,NH,55-64,Male,0,0,0
911,2023-06-18,25,3,6,7,Weight Loss,NY,35-44,Female,0,0,0
912,2023-06-18,25,2,3,4,Plant Based,MN,25-34,Female,0,0,0
913,2023-06-18,25,1,5,5,Balance,NH,25-34,Male,0,0,0
914,2023-06-18,25,1,5,5,Balance,NY,45-54,Female,0,0,0
915,2023-06-25,26,2,3,3,Weight Loss,MN,18-24,Male,0,1,0
916,2023-06-25,26,1,1,4,Weight Loss,MA,45-54,Female,0,0,0
917,2023-06-25,26,1,2,4,Weight Loss,NJ,25-34,Female,0,1,0
918,2023-06-25,26,1,2,2,Diabetic Friendly,MA,35-44,Male,0,0,0
919,2023-06-25,26,1,2,1,Balance,CT,55-64,Male,0,1,0
920,2023-06-25,26,2,3,1,Weight Loss,NV,35-44,Male,0,0,1
921,2023-06-25,26,1,1,1,Balance,NH,35-44,Male,1,0,0
922,2023-07-02,27,1,4,2,Weight Loss,MA,35-44,Female,0,0,0
923,2023-07-02,27,2,1,2,Diabetic Friendly,VA,18-24,Female,0,0,0
924,2023-07-02,27,2,5,3,Balance,CO,35-44,Male,1,0,0
925,2023-07-02,27,2,3,4,Balance,TN,25-34,Male,1,0,0
926,2023-07-09,28,3,6,7,Weight Loss,CT,45-54,Female,0,0,0
927,2023-07-09,28,2,3,1,Balance,WA,35-44,Not Specified,1,0,0
928,2023-07-09,28,1,3,6,Weight Loss,NY,55-64,Female,1,0,0
929,2023-07-09,28,3,6,7,Weight Loss,MA,35-44,Female,0,1,0
930,2023-07-09,28,1,1,4,Balance,MA,35-44,Female,0,0,0
931,2023-07-16,29,3,6,7,Balance,NY,45-54,Female,0,0,0
932,2023-07-16,29,1,5,2,Weight Loss,NY,35-44,Female,0,0,0
933,2023-07-16,29,2,4,3,Balance,NC,25-34,Female,0,0,0
934,2023-07-16,29,3,6,7,Balance,CT,35-44,Male,0,0,0
935,2023-07-23,30,3,6,7,Plant Based,NY,25-34,Female,0,0,0
936,2023-07-23,30,2,1,2,Weight Loss,VA,55-64,Female,0,0,0
937,2023-07-23,30,2,5,2,Weight Loss,TX,35-44,Female,0,0,0
938,2023-07-23,30,1,1,1,Balance,NJ,25-34,Male,0,0,0
939,2023-07-30,31,1,1,5,Balance,MA,45-54,Female,0,0,0
940,2023-07-30,31,2,5,2,Diabetic Friendly,OH,35-44,Male,0,0,0
941,2023-07-30,31,2,3,6,Diabetic Friendly,PA,45-54,Male,0,0,0
942,2023-07-30,31,1,1,6,Weight Loss,RI,35-44,Female,0,0,0
943,2023-07-30,31,1,1,1,Diabetic Friendly,NY,35-44,Female,0,0,0
944,2023-07-30,31,3,6,7,Weight Loss,CT,18-24,Male,1,0,0
945,2023-08-06,32,2,3,2,Plant Based,OR,35-44,Not Specified,0,0,0
946,2023-08-06,32,1,3,2,Balance,NY,45-54,Male,0,0,0
947,2023-08-06,32,3,6,7,Diabetic Friendly,MA,45-54,Female,0,0,0
948,2023-08-06,32,1,5,1,Weight Loss,NY,35-44,Female,0,0,0
949,2023-08-13,33,2,1,2,Balance,IL,55-64,Male,0,0,0
950,2023-08-13,33,2,5,4,Weight Loss,CA,25-34,Male,0,0,0
951,2023-08-13,33,2,5,2,Balance,CA,25-34,Female,0,0,0
952,2023-08-13,33,1,5,1,Diabetic Friendly,NY,25-34,Male,0,0,0
953,2023-08-13,33,1,2,3,Weight Loss,NJ,25-34,Female,0,0,0
954,2023-08-13,33,1,4,4,Weight Loss,NY,25-34,Female,0,0,0
955,2023-08-13,33,1,4,1,Weight Loss,NJ,35-44,Not Specified,0,1,0
956,2023-08-20,34,2,1,3,Balance,CO,25-34,Male,0,0,0
957,2023-08-20,34,1,2,5,Weight Loss,MA,35-44,Female,1,0,0
958,2023-08-20,34,1,2,1,Balance,RI,45-54,Male,0,0,0
959,2023-08-20,34,1,5,1,Weight Loss,NH,25-34,Female,0,0,0
960,2023-08-20,34,1,3,3,Plant Based,CT,25-34,Female,0,0,0
961,2023-08-20,34,1,4,5,Balance,NY,18-24,Female,0,0,0
962,2023-08-20,34,1,1,1,Balance,CT,35-44,Female,0,0,0
963,2023-08-27,35,2,4,2,Weight Loss,OR,35-44,Female,0,0,0
964,2023-08-27,35,1,1,4,Weight Loss,NH,25-34,Female,0,0,0
965,2023-08-27,35,2,4,3,Weight Loss,MI,35-44,Female,0,0,1
966,2023-08-27,35,1,5,1,Weight Loss,MA,35-44,Male,0,0,0
967,2023-08-27,35,1,2,1,Balance,RI,25-34,Female,0,0,1
968,2023-08-27,35,2,2,3,Balance,WA,25-34,Female,0,0,0
969,2023-08-27,35,2,3,3,Weight Loss,FL,35-44,Male,0,1,0
970,2023-08-27,35,1,2,1,Balance,RI,25-34,Female,0,0,0
971,2023-09-03,36,3,6,7,Balance,NY,55-64,Female,0,0,0
972,2023-09-03,36,1,1,4,Weight Loss,NH,25-34,Male,0,0,0
973,2023-09-03,36,2,3,6,Weight Loss,TN,35-44,Male,0,0,0
974,2023-09-03,36,1,1,6,Plant Based,MA,35-44,Female,1,0,0
975,2023-09-03,36,2,5,5,Plant Based,NV,25-34,Male,1,0,1
976,2023-09-03,36,1,4,2,Weight Loss,NY,45-54,Male,1,0,0
977,2023-09-03,36,2,3,3,Weight Loss,MN,25-34,Female,0,0,0
978,2023-09-10,37,1,4,3,Balance,RI,45-54,Female,0,0,0
979,2023-09-10,37,1,1,1,Balance,NH,45-54,Female,1,0,0
980,2023-09-10,37,1,4,2,Weight Loss,RI,25-34,Female,0,0,0
981,2023-09-10,37,3,6,7,Weight Loss,CT,45-54,Female,0,0,0
982,2023-09-10,37,3,6,7,Balance,CT,35-44,Female,1,1,0
983,2023-09-10,37,1,3,2,Balance,NH,45-54,Female,0,0,0
984,2023-09-10,37,1,2,2,Balance,MA,35-44,Male,0,0,0
985,2023-09-10,37,1,3,2,Weight Loss,NY,35-44,Not Specified,0,1,1
986,2023-09-10,37,1,3,1,Plant Based,MA,35-44,Female,0,0,0
987,2023-09-10,37,2,2,4,Balance,VA,25-34,Male,0,1,0
988,2023-09-10,37,2,4,4,Weight Loss,VA,25-34,Male,0,0,0
989,2023-09-10,37,3,6,7,Weight Loss,CT,25-34,Female,0,1,0
990,2023-09-10,37,3,6,7,Balance,CT,35-44,Female,0,0,1
991,2023-09-10,37,1,5,4,Weight Loss,NJ,25-34,Female,1,0,0
992,2023-09-17,38,1,5,1,Weight Loss,RI,25-34,Female,0,0,0
993,2023-09-17,38,2,1,3,Weight Loss,VA,18-24,Not Specified,0,0,0
994,2023-09-17,38,1,3,3,Weight Loss,CT,25-34,Female,0,0,0
995,2023-09-17,38,1,3,5,Weight Loss,NJ,55-64,Female,0,0,0
996,2023-09-17,38,1,5,1,Balance,NH,35-44,Male,0,0,0
997,2023-09-17,38,2,3,6,Weight Loss,CO,35-44,Female,0,0,0
998,2023-09-17,38,2,3,1,Balance,AZ,35-44,Female,0,0,0
999,2023-09-17,38,1,3,1,Balance,RI,25-34,Female,0,0,0
1000,2023-09-17,38,1,4,1,Weight Loss,MA,35-44,Male,0,1,0
1001,2023-09-17,38,1,3,2,Diabetic Friendly,NJ,25-34,Female,0,0,0
1002,2023-09-17,38,2,4,1,Plant Based,WA,25-34,Female,0,0,0
1003,2023-09-17,38,3,6,7,Weight Loss,NY,25-34,Male,0,0,0
1004,2023-09-17,38,1,4,2,Weight Loss,NJ,35-44,Female,1,0,0
1005,2023-09-17,38,1,3,2,Balance,CT,35-44,Female,0,0,0
1006,2023-09-24,39,1,1,4,Plant Based,NJ,35-44,Female,1,0,0
1007,2023-09-24,39,1,4,3,Weight Loss,MA,45-54,Female,0,0,0
1008,2023-09-24,39,2,1,3,Weight Loss,MD,25-34,Male,0,0,0
1009,2023-09-24,39,3,6,7,Plant Based,MA,35-44,Female,1,0,0
1010,2023-09-24,39,1,1,2,Plant Based,CT,35-44,Female,0,0,0
1011,2023-09-24,39,2,3,3,Weight Loss,NV,35-44,Female,0,1,0
1012,2023-09-24,39,2,1,3,Weight Loss,NC,35-44,Female,0,0,0
1013,2023-09-24,39,2,3,4,Weight Loss,TN,45-54,Female,0,0,0
1014,2023-09-24,39,2,3,5,Weight Loss,TX,18-24,Male,0,0,0
1015,2023-09-24,39,1,2,4,Weight Loss,CT,25-34,Male,0,1,0
1016,2023-09-24,39,1,3,2,Plant Based,NJ,25-34,Male,0,0,1
1017,2023-09-24,39,2,3,2,Weight Loss,VA,35-44,Male,0,0,0
1018,2023-09-24,39,1,2,3,Weight Loss,NY,18-24,Male,0,1,0
1019,2023-10-01,40,1,5,4,Weight Loss,CT,25-34,Male,0,0,0
1020,2023-10-01,40,1,1,1,Balance,MA,45-54,Female,0,0,1
1021,2023-10-01,40,1,3,2,Diabetic Friendly,MA,35-44,Female,0,0,0
1022,2023-10-01,40,1,2,2,Plant Based,CT,25-34,Female,0,1,1
1023,2023-10-01,40,1,2,2,Weight Loss,MA,18-24,Female,0,0,0
1024,2023-10-01,40,1,3,2,Balance,CT,35-44,Female,0,1,0
1025,2023-10-01,40,1,3,1,Weight Loss,MA,25-34,Female,1,0,1
1026,2023-10-01,40,2,5,1,Weight Loss,AZ,18-24,Male,0,1,0
1027,2023-10-01,40,3,6,7,Weight Loss,CT,35-44,Female,0,0,0
1028,2023-10-01,40,3,6,7,Weight Loss,NY,18-24,Female,0,0,1
1029,2023-10-01,40,1,2,4,Diabetic Friendly,NJ,18-24,Female,0,0,0
1030,2023-10-01,40,2,3,1,Weight Loss,TX,45-54,Male,0,0,0
1031,2023-10-01,40,2,1,2,Weight Loss,IL,35-44,Female,0,0,1
1032,2023-10-01,40,1,3,4,Weight Loss,CT,45-54,Female,1,0,0
1033,2023-10-08,41,2,1,2,Plant Based,NV,55-64,Female,0,0,1
1034,2023-10-08,41,1,1,2,Plant Based,NY,45-54,Female,1,0,0
1035,2023-10-08,41,1,1,1,Balance,MA,18-24,Female,0,0,0
1036,2023-10-08,41,2,4,3,Balance,VA,55-64,Female,0,0,0
1037,2023-10-08,41,3,6,7,Weight Loss,NY,55-64,Male,0,0,0
1038,2023-10-08,41,1,3,1,Balance,NJ,35-44,Not Specified,0,1,0
1039,2023-10-08,41,2,2,3,Balance,MD,25-34,Male,0,0,0
1040,2023-10-08,41,2,5,1,Plant Based,OR,25-34,Male,0,0,1
1041,2023-10-08,41,3,6,7,Weight Loss,NY,45-54,Female,1,0,0
1042,2023-10-08,41,1,3,1,Plant Based,MA,55-64,Male,0,0,0
1043,2023-10-08,41,1,1,1,Weight Loss,NY,35-44,Male,0,0,0
1044,2023-10-08,41,2,3,3,Weight Loss,NV,45-54,Male,0,0,0
1045,2023-10-08,41,1,5,2,Diabetic Friendly,CT,25-34,Male,0,0,0
1046,2023-10-15,42,2,3,2,Weight Loss,AZ,25-34,Male,0,0,0
1047,2023-10-15,42,1,3,4,Plant Based,NY,35-44,Female,1,1,0
1048,2023-10-15,42,2,2,1,Diabetic Friendly,NV,25-34,Male,0,1,0
1049,2023-10-15,42,2,3,2,Balance,MI,25-34,Male,0,0,0
1050,2023-10-15,42,1,4,3,Balance,NY,35-44,Female,0,0,0
1051,2023-10-15,42,2,3,1,Balance,CO,25-34,Female,1,1,0
1052,2023-10-15,42,2,1,2,Balance,MN,18-24,Male,0,0,0
1053,2023-10-15,42,1,3,1,Balance,RI,55-64,Male,1,0,0
1054,2023-10-15,42,1,3,3,Balance,NJ,25-34,Male,1,0,0
1055,2023-10-15,42,3,6,7,Diabetic Friendly,MA,55-64,Not Specified,0,0,0
1056,2023-10-22,43,1,4,2,Balance,MA,35-44,Female,0,0,0
1057,2023-10-22,43,1,2,4,Diabetic Friendly,CT,25-34,Female,0,0,0
1058,2023-10-22,43,3,6,7,Balance,NY,25-34,Female,0,0,0
1059,2023-10-22,43,1,1,4,Diabetic Friendly,NH,45-54,Female,0,0,0
1060,2023-10-22,43,2,3,1,Weight Loss,AZ,35-44,Female,0,0,0
1061,2023-10-22,43,1,1,1,Balance,NH,35-44,Male,0,0,1
1062,2023-10-22,43,1,1,1,Weight Loss,NJ,35-44,Female,0,0,0
1063,2023-10-22,43,1,1,5,Plant Based,RI,35-44,Male,0,1,0
1064,2023-10-22,43,1,5,3,Weight Loss,NH,35-44,Male,0,0,0
1065,2023-10-22,43,2,1,5,Weight Loss,MD,25-34,Male,0,0,0
1066,2023-10-22,43,2,2,2,Balance,IL,35-44,Female,0,0,0
1067,2023-10-22,43,1,5,1,Diabetic Friendly,CT,45-54,Male,0,0,0
1068,2023-10-22,43,1,2,1,Balance,RI,35-44,Male,0,0,0
1069,2023-10-29,44,3,6,7,Balance,CT,25-34,Female,0,0,0
1070,2023-10-29,44,1,3,1,Weight Loss,NY,45-54,Female,0,0,0
1071,2023-10-29,44,1,4,1,Balance,CT,35-44,Male,0,0,0
1072,2023-10-29,44,3,6,7,Weight Loss,NY,25-34,Female,1,0,0
1073,2023-10-29,44,1,2,2,Weight Loss,NY,35-44,Female,0,0,1
1074,2023-10-29,44,1,4,2,Plant Based,NJ,35-44,Male,1,0,1
1075,2023-10-29,44,1,4,1,Balance,NH,35-44,Female,0,0,0
1076,2023-10-29,44,2,5,4,Weight Loss,FL,18-24,Female,0,0,0
1077,2023-11-05,45,2,3,1,Balance,TN,35-44,Not Specified,0,0,0
1078,2023-11-05,45,2,4,2,Balance,VA,35-44,Female,1,0,0
1079,2023-11-05,45,1,2,3,Balance,NH,35-44,Female,1,0,0
1080,2023-11-05,45,2,4,4,Weight Loss,VA,35-44,Female,0,0,0
1081,2023-11-05,45,1,4,1,Balance,NY,35-44,Female,0,0,0
1082,2023-11-05,45,2,3,1,Weight Loss,WA,25-34,Male,0,0,0
1083,2023-11-05,45,3,6,7,Balance,CT,35-44,Female,0,0,0
1084,2023-11-05,45,2,4,3,Weight Loss,CO,35-44,Female,0,0,0
1085,2023-11-05,45,3,6,7,Balance,MA,25-34,Female,0,0,0
1086,2023-11-05,45,1,4,2,Weight Loss,MA,45-54,Female,0,1,0
1087,2023-11-05,45,2,3,1,Plant Based,TX,35-44,Female,0,0,0
1088,2023-11-05,45,1,4,3,Balance,NJ,45-54,Female,0,1,0
1089,2023-11-05,45,1,4,4,Weight Loss,NY,45-54,Female,0,1,0
1090,2023-11-12,46,1,1,6,Weight Loss,NH,35-44,Male,0,0,1
1091,2023-11-12,46,1,5,4,Weight Loss,NH,35-44,Female,1,0,0
1092,2023-11-12,46,1,3,2,Plant Based,MA,55-64,Female,0,0,0
1093,2023-11-12,46,1,2,4,Weight Loss,CT,45-54,Male,1,0,0
1094,2023-11-12,46,2,1,3,Weight Loss,PA,45-54,Female,0,0,0
1095,2023-11-12,46,1,1,2,Weight Loss,NJ,35-44,Male,0,0,0
1096,2023-11-12,46,1,4,1,Weight Loss,CT,25-34,Female,0,1,0
1097,2023-11-12,46,1,3,3,Weight Loss,NY,35-44,Female,0,0,0
1098,2023-11-12,46,2,3,5,Weight Loss,MD,25-34,Female,0,0,0
1099,2023-11-12,46,1,2,2,Diabetic Friendly,NY,45-54,Male,0,0,0
1100,2023-11-12,46,2,3,1,Weight Loss,CA,55-64,Female,0,0,0
1101,2023-11-12,46,1,1,2,Balance,MA,25-34,Female,0,0,0
1102,2023-11-12,46,1,3,2,Weight Loss,NH,35-44,Female,0,0,1
1103,2023-11-12,46,1,1,1,Weight Loss,NJ,25-34,Female,0,0,0
1104,2023-11-19,47,2,2,1,Balance,VA,25-34,Male,0,0,0
1105,2023-11-19,47,1,4,1,Weight Loss,MA,35-44,Male,0,0,0
1106,2023-11-19,47,2,4,3,Balance,TN,45-54,Female,1,0,0
1107,2023-11-19,47,1,4,3,Plant Based,NJ,35-44,Female,0,0,0
1108,2023-11-19,47,1,1,4,Plant Based,RI,45-54,Female,0,0,0
1109,2023-11-19,47,3,6,7,Balance,MA,25-34,Male,1,0,0
1110,2023-11-19,47,1,2,5,Diabetic Friendly,RI,35-44,Female,0,0,0
1111,2023-11-19,47,1,4,1,Balance,NJ,35-44,Female,0,0,0
1112,2023-11-19,47,1,3,5,Plant Based,CT,45-54,Female,1,0,0
1113,2023-11-19,47,2,1,4,Balance,PA,35-44,Male,0,0,0
1114,2023-11-19,47,3,6,7,Weight Loss,CT,18-24,Male,0,0,0
1115,2023-11-19,47,3,6,7,Weight Loss,CT,25-34,Female,0,0,0
1116,2023-11-19,47,1,4,2,Weight Loss,CT,25-34,Female,0,0,0
1117,2023-11-19,47,1,4,5,Balance,NJ,35-44,Female,0,0,0
1118,2023-11-19,47,3,6,7,Balance,MA,25-34,Male,0,0,0
1119,2023-11-19,47,2,2,2,Balance,CA,35-44,Female,0,0,0
1120,2023-11-19,47,1,1,1,Weight Loss,NJ,25-34,Female,0,0,0
1121,2023-11-19,47,3,6,7,Diabetic Friendly,MA,25-34,Female,1,0,0
1122,2023-11-19,47,2,3,3,Plant Based,MD,18-24,Male,0,0,0
1123,2023-11-19,47,2,3,3,Balance,CO,25-34,Not Specified,0,0,0
1124,2023-11-19,47,1,2,2,Balance,CT,25-34,Male,0,0,0
1125,2023-11-19,47,1,3,5,Balance,NH,25-34,Female,0,0,0
1126,2023-11-19,47,1,1,2,Balance,MA,35-44,Male,0,0,0
1127,2023-11-19,47,2,3,1,Weight Loss,TN,35-44,Female,0,1,0
1128,2023-11-19,47,1,1,2,Balance,NY,35-44,Male,0,0,0
1129,2023-11-19,47,2,1,6,Plant Based,MD,25-34,Female,0,0,0
1130,2023-11-19,47,2,3,1,Balance,CO,25-34,Male,0,1,0
1131,2023-11-26,48,1,1,3,Plant Based,NJ,25-34,Female,0,0,0
1132,2023-11-26,48,2,4,4,Weight Loss,VA,45-54,Female,0,0,0
1133,2023-11-26,48,2,4,3,Weight Loss,AZ,35-44,Female,0,0,0
1134,2023-11-26,48,1,1,1,Balance,NY,35-44,Female,0,0,1
1135,2023-11-26,48,1,1,1,Weight Loss,NH,25-34,Male,0,0,0
1136,2023-11-26,48,2,3,6,Balance,TX,35-44,Female,1,0,0
1137,2023-11-26,48,2,4,1,Balance,TN,35-44,Female,0,0,0
1138,2023-11-26,48,1,2,1,Weight Loss,MA,35-44,Male,0,0,0
1139,2023-11-26,48,1,5,1,Balance,NY,35-44,Male,0,1,1
1140,2023-11-26,48,3,6,7,Weight Loss,CT,25-34,Male,0,0,1
1141,2023-11-26,48,1,4,2,Balance,MA,35-44,Female,0,0,0
1142,2023-11-26,48,1,1,2,Balance,RI,25-34,Male,0,0,1
1143,2023-11-26,48,2,1,2,Balance,NC,25-34,Female,0,0,0
1144,2023-11-26,48,2,3,1,Balance,MD,18-24,Male,0,0,0
1145,2023-11-26,48,1,1,5,Weight Loss,NJ,35-44,Female,0,0,0
1146,2023-11-26,48,3,6,7,Diabetic Friendly,NY,45-54,Female,0,0,0
1147,2023-11-26,48,2,3,2,Plant Based,TX,35-44,Male,0,0,0
1148,2023-11-26,48,2,4,1,Weight Loss,OH,18-24,Female,0,0,0
1149,2023-11-26,48,3,6,7,Balance,NY,25-34,Male,0,0,0
1150,2023-11-26,48,2,3,3,Balance,OR,35-44,Male,1,0,0
1151,2023-11-26,48,1,4,2,Weight Loss,NH,25-34,Female,0,0,0
1152,2023-12-03,49,2,5,1,Weight Loss,NV,35-44,Female,0,0,0
1153,2023-12-03,49,1,1,2,Weight Loss,NY,55-64,Female,0,0,0
1154,2023-12-03,49,1,1,3,Plant Based,NY,25-34,Female,0,0,0
1155,2023-12-03,49,1,5,3,Balance,NJ,25-34,Male,0,0,0
1156,2023-12-03,49,2,3,2,Balance,WA,35-44,Male,0,0,0
1157,2023-12-03,49,3,6,7,Balance,NY,35-44,Female,0,0,0
1158,2023-12-03,49,1,2,2,Balance,NJ,18-24,Female,0,0,0
1159,2023-12-03,49,2,5,2,Balance,MN,35-44,Female,1,0,0
1160,2023-12-03,49,3,6,7,Balance,CT,35-44,Female,0,0,0
1161,2023-12-03,49,1,5,5,Balance,NH,25-34,Male,0,0,0
1162,2023-12-03,49,2,4,6,Weight Loss,NC,25-34,Male,0,0,0
1163,2023-12-03,49,1,1,1,Weight Loss,MA,45-54,Not Specified,0,1,0
1164,2023-12-03,49,1,3,3,Weight Loss,NJ,55-64,Male,0,0,1
1165,2023-12-03,49,2,3,3,Weight Loss,TX,35-44,Female,0,0,0
1166,2023-12-03,49,2,4,2,Weight Loss,IL,25-34,Female,0,0,0
1167,2023-12-03,49,2,4,2,Balance,OR,25-34,Female,0,0,0
1168,2023-12-03,49,2,4,1,Balance,TX,25-34,Female,0,0,0
1169,2023-12-03,49,1,2,3,Weight Loss,NJ,25-34,Male,0,0,0
1170,2023-12-03,49,1,1,1,Balance,CT,35-44,Female,0,0,0
1171,2023-12-10,50,1,5,3,Weight Loss,CT,35-44,Female,0,0,0
1172,2023-12-10,50,3,6,7,Balance,NY,45-54,Female,0,0,0
1173,2023-12-10,50,1,3,3,Balance,RI,25-34,Female,0,0,1
1174,2023-12-10,50,2,4,3,Balance,MD,18-24,Male,0,0,0
1175,2023-12-10,50,3,6,7,Weight Loss,CT,18-24,Male,0,0,0
1176,2023-12-10,50,2,4,3,Balance,OH,35-44,Female,1,0,0
1177,2023-12-10,50,1,4,5,Diabetic Friendly,CT,25-34,Female,0,0,0
1178,2023-12-10,50,1,3,4,Balance,MA,35-44,Female,1,1,0
1179,2023-12-10,50,1,3,1,Balance,CT,35-44,Male,0,0,0
1180,2023-12-10,50,2,5,1,Weight Loss,OR,25-34,Male,0,0,0
1181,2023-12-10,50,2,4,1,Balance,MI,35-44,Female,0,0,0
1182,2023-12-10,50,1,4,2,Weight Loss,RI,25-34,Male,0,1,0
1183,2023-12-10,50,1,3,1,Plant Based,NJ,45-54,Female,0,0,0
1184,2023-12-10,50,1,5,1,Weight Loss,RI,25-34,Female,0,0,0
1185,2023-12-10,50,2,5,6,Weight Loss,WA,45-54,Male,0,0,0
1186,2023-12-10,50,3,6,7,Balance,NY,25-34,Male,0,0,0
1187,2023-12-10,50,2,1,5,Balance,MN,35-44,Male,0,0,0
1188,2023-12-10,50,2,2,3,Balance,GA,25-34,Female,0,0,0
1189,2023-12-10,50,1,3,2,Balance,CT,18-24,Female,0,0,0
1190,2023-12-10,50,3,6,7,Plant Based,MA,35-44,Not Specified,0,0,0
1191,2023-12-10,50,2,1,3,Balance,TX,25-34,Male,1,0,0
1192,2023-12-10,50,1,2,1,Balance,NJ,25-34,Female,1,0,0
1193,2023-12-10,50,2,3,4,Weight Loss,MI,25-34,Male,0,0,0
1194,2023-12-10,50,3,6,7,Diabetic Friendly,NY,35-44,Male,0,0,0
1195,2023-12-17,51,1,2,3,Diabetic Friendly,NJ,25-34,Male,0,0,0
1196,2023-12-17,51,2,5,2,Balance,TX,35-44,Female,0,0,0
1197,2023-12-17,51,1,2,1,Balance,NY,25-34,Female,1,0,0
1198,2023-12-17,51,3,6,7,Diabetic Friendly,CT,35-44,Not Specified,0,0,0
1199,2023-12-17,51,1,4,6,Balance,NH,25-34,Female,0,0,0
1200,2023-12-17,51,2,4,2,Balance,MN,35-44,Female,1,0,0
1201,2023-12-17,51,3,6,7,Weight Loss,CT,25-34,Female,0,0,0
1202,2023-12-17,51,1,4,1,Plant Based,NJ,25-34,Female,1,0,0
1203,2023-12-17,51,2,3,1,Plant Based,NV,45-54,Male,0,0,0
1204,2023-12-17,51,1,4,1,Plant Based,CT,55-64,Female,0,1,0
1205,2023-12-17,51,3,6,7,Balance,MA,35-44,Female,0,0,0
1206,2023-12-17,51,1,3,3,Weight Loss,CT,25-34,Female,0,0,0
1207,2023-12-17,51,3,6,7,Balance,NY,55-64,Male,0,0,0
1208,2023-12-17,51,1,2,2,Diabetic Friendly,MA,25-34,Female,0,1,0
1209,2023-12-17,51,2,5,1,Weight Loss,NC,35-44,Female,0,0,0
1210,2023-12-17,51,1,4,1,Balance,CT,35-44,Female,0,1,0
1211,2023-12-17,51,1,3,2,Weight Loss,NJ,25-34,Female,0,0,0
1212,2023-12-17,51,2,3,5,Plant Based,OH,18-24,Female,0,0,0
1213,2023-12-17,51,2,4,2,Plant Based,CA,18-24,Male,0,1,0
1214,2023-12-17,51,2,1,1,Balance,MD,25-34,Female,1,0,0
1215,2023-12-17,51,1,2,4,Plant Based,NY,18-24,Female,0,0,0
1216,2023-12-17,51,1,3,1,Weight Loss,NY,45-54,Female,0,0,0
1217,2023-12-17,51,1,1,1,Weight Loss,NJ,45-54,Female,0,0,0
1218,2023-12-24,52,2,4,2,Weight Loss,OR,45-54,Male,0,0,0
1219,2023-12-24,52,2,4,4,Weight Loss,TX,45-54,Not Specified,1,0,0
1220,2023-12-24,52,1,2,3,Weight Loss,NH,25-34,Male,0,0,0
1221,2023-12-24,52,1,2,2,Weight Loss,NY,35-44,Female,0,0,0
1222,2023-12-24,52,1,4,2,Balance,NH,45-54,Male,0,0,0
1223,2023-12-24,52,1,1,1,Weight Loss,NY,25-34,Female,0,0,0
1224,2023-12-24,52,1,5,6,Balance,MA,45-54,Male,0,0,0
1225,2023-12-24,52,2,4,2,Weight Loss,GA,25-34,Male,0,0,0
1226,2023-12-24,52,1,1,1,Weight Loss,NY,35-44,Male,0,0,0
1227,2023-12-24,52,1,2,1,Balance,NY,55-64,Female,0,0,0
1228,2023-12-24,52,1,1,5,Balance,RI,25-34,Female,0,0,0
1229,2023-12-24,52,3,6,7,Plant Based,MA,25-34,Female,0,0,0
1230,2023-12-24,52,3,6,7,Plant Based,NY,35-44,Female,0,0,1
1231,2023-12-24,52,3,6,7,Balance,NY,35-44,Male,0,0,0
1232,2023-12-24,52,1,4,1,Balance,RI,25-34,Female,0,0,0
1233,2023-12-24,52,1,3,3,Balance,MA,45-54,Male,0,0,0
1234,2023-12-24,52,1,1,2,Weight Loss,RI,45-54,Male,0,0,0
1235,2023-12-24,52,1,3,3,Balance,NJ,45-54,Male,0,0,0
1236,2023-12-24,52,2,4,3,Diabetic Friendly,MI,35-44,Female,0,0,0
1237,2023-12-24,52,1,4,1,Weight Loss,NJ,35-44,Male,1,0,0
1238,2023-12-24,52,2,3,5,Weight Loss,TN,18-24,Female,0,0,0
1239,2023-12-24,52,1,2,3,Diabetic Friendly,CT,35-44,Female,0,0,0
1240,2023-12-24,52,3,6,7,Plant Based,CT,18-24,Female,0,0,0
1241,2023-12-31,53,1,1,5,Balance,CT,45-54,Male,0,0,0
1242,2023-12-31,53,2,3,6,Balance,CO,45-54,Female,0,0,0
1243,2023-12-31,53,1,4,2,Balance,NY,35-44,Female,0,0,0
1244,2023-12-31,53,1,3,4,Diabetic Friendly,NY,25-34,Female,0,1,0
1245,2023-12-31,53,2,4,1,Plant Based,OH,35-44,Female,0,0,0
1246,2023-12-31,53,1,1,3,Diabetic Friendly,MA,35-44,Female,0,0,0
1247,2023-12-31,53,2,1,3,Diabetic Friendly,GA,35-44,Male,0,0,0
1248,2023-12-31,53,1,1,6,Plant Based,NH,45-54,Female,0,1,0
1249,2023-12-31,53,1,1,1,Diabetic Friendly,MA,18-24,Female,0,0,0
1250,2023-12-31,53,1,1,1,Diabetic Friendly,CT,45-54,Female,0,0,0
1251,2023-12-31,53,1,4,3,Weight Loss,CT,45-54,Not Specified,0,0,0
1252,2023-12-31,53,2,3,2,Diabetic Friendly,MI,25-34,Female,1,0,0
1253,2023-12-31,53,2,4,3,Balance,NC,45-54,Not Specified,0,0,0
1254,2023-12-31,53,2,4,3,Weight Loss,NC,35-44,Not Specified,0,0,1
1255,2023-12-31,53,2,3,1,Diabetic Friendly,VA,18-24,Female,0,0,0
1256,2023-12-31,53,2,4,1,Weight Loss,FL,35-44,Not Specified,0,0,0
1257,2023-12-31,53,2,5,1,Weight Loss,PA,35-44,Male,0,0,0
1258,2023-12-31,53,3,6,7,Plant Based,MA,55-64,Male,0,0,1
1259,2024-01-07,54,1,4,1,Balance,MA,35-44,Female,0,0,0
1260,2024-01-07,54,3,6,7,Balance,MA,45-54,Male,0,1,0
1261,2024-01-07,54,2,4,2,Weight Loss,TN,45-54,Female,0,0,0
1262,2024-01-07,54,1,1,2,Balance,MA,55-64,Male,0,0,0
1263,2024-01-07,54,1,1,3,Weight Loss,NY,25-34,Female,0,1,0
1264,2024-01-07,54,1,3,4,Diabetic Friendly,NY,25-34,Male,0,0,0
1265,2024-01-07,54,3,6,7,Weight Loss,MA,35-44,Male,0,0,0
1266,2024-01-07,54,1,1,1,Weight Loss,NH,55-64,Not Specified,0,0,0
1267,2024-01-07,54,1,3,1,Balance,CT,25-34,Female,0,0,0
1268,2024-01-07,54,2,4,5,Weight Loss,TN,18-24,Female,0,0,0
1269,2024-01-07,54,2,3,5,Diabetic Friendly,TX,45-54,Male,0,0,0
1270,2024-01-07,54,1,3,5,Weight Loss,NJ,35-44,Female,0,0,0
1271,2024-01-07,54,1,2,3,Weight Loss,CT,25-34,Female,0,0,0
1272,2024-01-07,54,1,5,4,Plant Based,NH,35-44,Female,1,0,0
1273,2024-01-07,54,2,1,2,Balance,NV,18-24,Not Specified,0,0,0
1274,2024-01-07,54,2,4,2,Balance,MN,25-34,Male,0,1,0
1275,2024-01-07,54,3,6,7,Balance,CT,35-44,Female,0,0,1
1276,2024-01-07,54,1,1,1,Diabetic Friendly,NJ,35-44,Male,0,0,0
1277,2024-01-07,54,1,1,1,Balance,NH,35-44,Male,0,0,0
1278,2024-01-07,54,2,5,3,Diabetic Friendly,GA,35-44,Female,0,0,0
1279,2024-01-07,54,1,2,1,Weight Loss,NH,18-24,Male,0,0,1
1280,2024-01-07,54,1,5,2,Balance,CT,25-34,Not Specified,0,0,0
1281,2024-01-07,54,1,2,4,Balance,NY,45-54,Female,0,0,0
1282,2024-01-07,54,2,1,6,Weight Loss,GA,25-34,Female,0,0,0
1283,2024-01-07,54,2,3,2,Weight Loss,NC,35-44,Male,0,0,0
1284,2024-01-07,54,2,1,1,Balance,WA,45-54,Female,0,0,0
1285,2024-01-07,54,1,1,1,Balance,NH,25-34,Female,0,0,0
1286,2024-01-07,54,1,3,1,Balance,CT,35-44,Female,1,1,0
1287,2024-01-07,54,1,1,5,Balance,NJ,25-34,Female,0,0,0
1288,2024-01-07,54,2,4,4,Balance,IL,35-44,Female,0,0,0
1289,2024-01-07,54,1,3,2,Weight Loss,NJ,35-44,Male,0,0,0
1290,2024-01-07,54,3,6,7,Weight Loss,MA,45-54,Female,0,0,0
1291,2024-01-07,54,1,4,2,Balance,RI,45-54,Female,0,0,0
1292,2024-01-07,54,1,1,3,Balance,NH,35-44,Male,0,0,0
1293,2024-01-07,54,1,2,2,Weight Loss,RI,25-34,Female,0,0,0
1294,2024-01-07,54,2,5,2,Plant Based,CO,35-44,Male,0,0,0
1295,2024-01-07,54,2,5,6,Plant Based,AZ,35-44,Female,0,0,0
1296,2024-01-07,54,3,6,7,Balance,NY,35-44,Male,0,0,0
1297,2024-01-07,54,2,3,3,Plant Based,PA,25-34,Female,0,0,0
1298,2024-01-07,54,1,5,3,Weight Loss,NY,45-54,Male,0,1,1
1299,2024-01-07,54,3,6,7,Balance,MA,25-34,Male,0,0,0
1300,2024-01-07,54,1,2,5,Weight Loss,MA,45-54,Female,0,0,0
1301,2024-01-07,54,2,1,1,Diabetic Friendly,PA,35-44,Female,0,0,0
1302,2024-01-07,54,2,5,3,Balance,NC,35-44,Male,0,0,0
1303,2024-01-07,54,1,3,6,Balance,MA,35-44,Female,0,1,0
1304,2024-01-07,54,2,4,6,Plant Based,CO,18-24,Female,0,0,0
1305,2024-01-07,54,3,6,7,Balance,CT,35-44,Female,0,0,0
1306,2024-01-07,54,3,6,7,Balance,NY,45-54,Female,0,0,0
1307,2024-01-07,54,1,5,1,Balance,NY,25-34,Male,0,0,0
1308,2024-01-07,54,1,4,4,Weight Loss,RI,25-34,Female,0,0,0
1309,2024-01-07,54,2,3,1,Weight Loss,CA,35-44,Male,0,0,0
1310,2024-01-07,54,1,2,2,Diabetic Friendly,NH,35-44,Female,0,0,0
1311,2024-01-07,54,3,6,7,Plant Based,MA,45-54,Male,0,1,0
1312,2024-01-07,54,2,1,2,Balance,NC,45-54,Male,0,1,1
1313,2024-01-07,54,2,1,3,Plant Based,FL,35-44,Male,0,0,0
1314,2024-01-07,54,2,5,5,Balance,GA,35-44,Female,0,0,0
1315,2024-01-07,54,2,3,2,Weight Loss,TN,25-34,Not Specified,0,0,0
1316,2024-01-07,54,2,3,2,Balance,TX,55-64,Female,0,0,0
1317,2024-01-07,54,1,1,4,Plant Based,MA,25-34,Female,0,0,0
1318,2024-01-07,54,2,3,4,Weight Loss,GA,35-44,Male,0,0,0
1319,2024-01-07,54,1,3,5,Balance,MA,45-54,Female,0,0,0
1320,2024-01-07,54,3,6,7,Balance,CT,35-44,Male,0,0,0
1321,2024-01-07,54,1,4,2,Balance,RI,45-54,Female,0,0,0
1322,2024-01-07,54,2,3,1,Balance,NC,35-44,Female,0,0,0
1323,2024-01-07,54,1,3,1,Plant Based,NH,35-44,Female,0,0,0
1324,2024-01-07,54,2,3,2,Plant Based,TN,45-54,Female,0,0,1
1325,2024-01-07,54,1,2,1,Balance,RI,25-34,Not Specified,0,0,0
1326,2024-01-07,54,2,3,4,Weight Loss,MN,35-44,Female,1,0,0
1327,2024-01-07,54,2,2,5,Plant Based,PA,35-44,Female,0,0,0
1328,2024-01-07,54,2,3,3,Weight Loss,MN,25-34,Female,0,0,0
1329,2024-01-07,54,1,2,2,Balance,MA,25-34,Female,0,0,0
1330,2024-01-07,54,3,6,7,Weight Loss,NY,35-44,Female,0,0,0
1331,2024-01-07,54,2,4,3,Plant Based,NC,25-34,Female,0,0,0
1332,2024-01-07,54,1,3,1,Weight Loss,CT,35-44,Male,0,0,0
1333,2024-01-07,54,2,4,2,Plant Based,MI,35-44,Female,1,0,0
1334,2024-01-07,54,2,5,2,Balance,MI,45-54,Female,0,0,0
1335,2024-01-07,54,2,4,3,Balance,AZ,45-54,Female,0,0,0
1336,2024-01-07,54,1,1,1,Balance,RI,35-44,Female,0,0,0
1337,2024-01-07,54,1,3,3,Plant Based,NH,25-34,Female,0,0,0
1338,2024-01-07,54,1,2,1,Balance,CT,25-34,Female,0,0,0
1339,2024-01-07,54,1,3,2,Balance,NH,45-54,Female,0,0,0
1340,2024-01-07,54,3,6,7,Weight Loss,MA,35-44,Female,0,0,0
1341,2024-01-07,54,1,1,4,Diabetic Friendly,NJ,25-34,Female,0,0,0
1342,2024-01-07,54,1,4,3,Weight Loss,NJ,25-34,Female,0,0,0
1343,2024-01-07,54,1,3,3,Balance,MA,45-54,Female,1,0,0
1344,2024-01-07,54,1,3,2,Plant Based,CT,35-44,Female,0,0,0
1345,2024-01-07,54,2,1,1,Balance,NV,25-34,Female,0,1,0
1346,2024-01-07,54,1,2,1,Balance,CT,35-44,Male,0,0,0
1347,2024-01-07,54,2,3,2,Balance,MI,25-34,Female,1,0,0
1348,2024-01-07,54,1,1,1,Balance,NH,25-34,Male,0,0,0
1349,2024-01-07,54,1,3,5,Plant Based,NJ,25-34,Female,0,0,0
1350,2024-01-07,54,1,1,1,Plant Based,NY,45-54,Female,0,0,0
1351,2024-01-07,54,3,6,7,Plant Based,CT,45-54,Female,0,0,0
1352,2024-01-07,54,3,6,7,Weight Loss,MA,45-54,Male,0,0,0
1353,2024-01-07,54,3,6,7,Weight Loss,NY,35-44,Not Specified,1,0,0
1354,2024-01-07,54,3,6,7,Plant Based,CT,18-24,Female,1,0,0
1355,2024-01-07,54,1,3,5,Diabetic Friendly,RI,45-54,Female,0,0,0
1356,2024-01-07,54,3,6,7,Balance,NY,25-34,Male,0,0,0
1357,2024-01-07,54,1,4,2,Weight Loss,MA,25-34,Female,0,1,0
1358,2024-01-07,54,2,1,1,Plant Based,MN,35-44,Not Specified,0,0,0
1359,2024-01-07,54,1,1,1,Plant Based,RI,25-34,Female,1,0,0
1360,2024-01-07,54,2,3,3,Plant Based,MN,35-44,Male,0,1,0
1361,2024-01-07,54,2,1,3,Balance,NV,35-44,Female,0,0,0
1362,2024-01-07,54,1,5,4,Balance,NH,35-44,Male,0,0,0
1363,2024-01-07,54,1,4,2,Balance,RI,35-44,Male,0,0,1
1364,2024-01-07,54,1,1,2,Weight Loss,NJ,45-54,Male,0,0,0
1365,2024-01-07,54,2,1,2,Balance,TN,35-44,Female,1,1,0
1366,2024-01-07,54,2,4,3,Plant Based,OH,35-44,Female,0,0,0
1367,2024-01-07,54,1,1,2,Weight Loss,NH,45-54,Female,0,0,0
1368,2024-01-07,54,3,6,7,Weight Loss,MA,45-54,Not Specified,0,0,0
1369,2024-01-07,54,2,2,2,Plant Based,AZ,35-44,Female,0,1,1
1370,2024-01-07,54,1,4,3,Balance,CT,35-44,Female,0,0,1
1371,2024-01-07,54,2,3,1,Weight Loss,WA,35-44,Female,0,1,0
1372,2024-01-07,54,1,2,1,Weight Loss,RI,45-54,Male,0,0,0
1373,2024-01-07,54,3,6,7,Weight Loss,CT,18-24,Female,0,0,0
1374,2024-01-14,55,1,4,3,Diabetic Friendly,CT,35-44,Male,0,0,1
1375,2024-01-14,55,1,4,1,Weight Loss,NJ,18-24,Female,0,0,0
1376,2024-01-14,55,1,1,1,Weight Loss,NY,45-54,Female,0,0,0
1377,2024-01-14,55,1,5,1,Balance,CT,25-34,Female,1,0,0
1378,2024-01-14,55,1,1,2,Weight Loss,NH,35-44,Female,0,0,0
1379,2024-01-14,55,3,6,7,Plant Based,CT,25-34,Female,0,0,0
1380,2024-01-14,55,1,5,3,Balance,NJ,35-44,Male,0,0,0
1381,2024-01-14,55,1,1,2,Balance,NY,35-44,Female,1,0,0
1382,2024-01-14,55,1,3,1,Diabetic Friendly,NH,25-34,Female,1,0,0
1383,2024-01-14,55,2,3,1,Balance,NV,45-54,Female,0,0,0
1384,2024-01-14,55,1,4,2,Balance,CT,35-44,Female,0,0,0
1385,2024-01-14,55,1,2,1,Weight Loss,CT,25-34,Male,0,0,0
1386,2024-01-14,55,2,4,1,Weight Loss,NV,45-54,Female,0,0,0
1387,2024-01-14,55,1,1,4,Plant Based,CT,25-34,Female,0,1,0
1388,2024-01-14,55,3,6,7,Balance,NY,35-44,Male,0,0,0
1389,2024-01-14,55,2,3,5,Weight Loss,PA,35-44,Male,0,0,0
1390,2024-01-14,55,1,2,1,Balance,MA,25-34,Male,0,0,0
1391,2024-01-14,55,1,3,6,Balance,NH,45-54,Male,0,0,0
1392,2024-01-14,55,1,3,3,Weight Loss,NJ,35-44,Male,0,0,0
1393,2024-01-14,55,3,6,7,Weight Loss,CT,35-44,Female,0,0,0
1394,2024-01-14,55,1,5,2,Balance,RI,25-34,Not Specified,0,0,0
1395,2024-01-14,55,1,2,3,Plant Based,NY,45-54,Female,0,0,0
1396,2024-01-14,55,1,3,1,Weight Loss,NY,35-44,Female,0,0,0
1397,2024-01-14,55,2,1,3,Weight Loss,WA,25-34,Female,0,0,0
1398,2024-01-14,55,1,1,1,Balance,NY,35-44,Female,1,0,0
1399,2024-01-14,55,1,3,1,Weight Loss,NY,25-34,Female,0,0,0
1400,2024-01-14,55,1,2,1,Balance,NH,45-54,Not Specified,1,1,0
1401,2024-01-14,55,1,4,5,Weight Loss,CT,25-34,Male,0,1,0
1402,2024-01-14,55,2,3,1,Balance,MI,35-44,Male,0,0,0
1403,2024-01-14,55,1,2,1,Plant Based,NY,45-54,Female,0,0,0
1404,2024-01-14,55,2,4,1,Balance,MI,35-44,Female,0,0,0
1405,2024-01-14,55,1,1,2,Weight Loss,MA,35-44,Female,0,0,0
1406,2024-01-14,55,2,1,5,Plant Based,OR,45-54,Female,0,0,0
1407,2024-01-14,55,1,2,1,Weight Loss,NY,35-44,Female,0,0,1
1408,2024-01-14,55,2,1,2,Balance,TN,25-34,Female,0,0,0
1409,2024-01-14,55,3,6,7,Weight Loss,MA,35-44,Male,1,0,1
1410,2024-01-14,55,2,3,2,Weight Loss,CO,45-54,Female,0,0,0
1411,2024-01-14,55,3,6,7,Balance,NY,25-34,Male,0,0,0
1412,2024-01-14,55,1,2,4,Balance,NH,45-54,Female,0,1,1
1413,2024-01-14,55,3,6,7,Balance,NY,25-34,Female,0,0,0
1414,2024-01-14,55,1,1,1,Balance,MA,35-44,Male,0,0,0
1415,2024-01-14,55,1,4,1,Plant Based,NH,25-34,Male,1,0,0
1416,2024-01-14,55,1,4,3,Balance,MA,25-34,Female,0,0,0
1417,2024-01-14,55,1,3,1,Weight Loss,RI,18-24,Female,1,0,0
1418,2024-01-14,55,3,6,7,Weight Loss,NY,25-34,Female,0,0,0
1419,2024-01-14,55,2,1,2,Balance,TX,35-44,Male,0,0,0
1420,2024-01-14,55,1,3,3,Weight Loss,NY,45-54,Female,0,0,0
1421,2024-01-14,55,3,6,7,Weight Loss,MA,35-44,Male,0,0,0
1422,2024-01-14,55,1,5,2,Balance,NY,18-24,Female,0,0,0
1423,2024-01-14,55,2,4,4,Weight Loss,OR,35-44,Female,0,1,0
1424,2024-01-14,55,1,2,3,Balance,NH,25-34,Female,0,0,0
1425,2024-01-14,55,2,3,1,Weight Loss,IL,35-44,Male,0,0,0
1426,2024-01-14,55,1,1,6,Plant Based,NH,18-24,Female,0,0,1
1427,2024-01-14,55,1,4,1,Balance,NJ,25-34,Female,1,0,0
1428,2024-01-14,55,1,2,2,Plant Based,NY,35-44,Male,0,0,0
1429,2024-01-14,55,2,4,3,Balance,NV,55-64,Male,0,0,0
1430,2024-01-14,55,2,1,4,Balance,MI,35-44,Female,0,1,1
1431,2024-01-14,55,1,3,2,Plant Based,NH,25-34,Female,0,0,1
1432,2024-01-14,55,1,2,2,Balance,MA,35-44,Not Specified,0,0,1
1433,2024-01-14,55,1,3,6,Plant Based,RI,55-64,Female,0,0,0
1434,2024-01-14,55,1,2,1,Weight Loss,NJ,35-44,Female,0,0,0
1435,2024-01-14,55,1,2,1,Diabetic Friendly,MA,25-34,Not Specified,0,1,0
1436,2024-01-14,55,2,1,1,Balance,MI,45-54,Male,0,0,0
1437,2024-01-14,55,2,3,3,Weight Loss,MD,25-34,Female,0,0,0
1438,2024-01-14,55,1,5,1,Weight Loss,RI,35-44,Female,0,0,0
1439,2024-01-14,55,1,4,2,Diabetic Friendly,NH,35-44,Female,0,0,0
1440,2024-01-14,55,1,3,3,Plant Based,CT,25-34,Female,0,0,0
1441,2024-01-14,55,3,6,7,Weight Loss,CT,55-64,Female,0,0,0
1442,2024-01-14,55,1,5,3,Weight Loss,NJ,25-34,Female,0,1,0
1443,2024-01-14,55,1,3,4,Balance,MA,25-34,Female,0,0,0
1444,2024-01-14,55,2,1,3,Balance,MD,35-44,Male,0,0,0
1445,2024-01-14,55,1,3,1,Plant Based,CT,35-44,Male,0,0,0
1446,2024-01-14,55,1,4,2,Diabetic Friendly,NJ,45-54,Male,0,0,0
1447,2024-01-14,55,2,1,3,Balance,TX,25-34,Female,0,1,0
1448,2024-01-14,55,2,4,2,Balance,NC,35-44,Not Specified,0,0,0
1449,2024-01-14,55,1,3,2,Balance,NH,25-34,Female,0,0,0
1450,2024-01-14,55,2,4,2,Weight Loss,OR,25-34,Female,0,0,0
1451,2024-01-14,55,1,4,1,Plant Based,NY,25-34,Female,1,0,0
1452,2024-01-14,55,1,1,3,Diabetic Friendly,CT,45-54,Male,0,0,0
1453,2024-01-14,55,2,3,1,Plant Based,CO,55-64,Female,0,0,0
1454,2024-01-14,55,2,3,5,Diabetic Friendly,MI,35-44,Male,0,0,0
1455,2024-01-14,55,1,3,1,Diabetic Friendly,NJ,35-44,Female,1,0,0
1456,2024-01-14,55,1,5,5,Weight Loss,NH,25-34,Female,0,0,0
1457,2024-01-14,55,2,4,3,Weight Loss,TX,35-44,Female,0,0,0
1458,2024-01-14,55,1,2,6,Plant Based,MA,25-34,Male,0,0,0
1459,2024-01-14,55,3,6,7,Plant Based,CT,45-54,Male,0,0,0
1460,2024-01-14,55,2,4,5,Balance,IL,35-44,Female,0,1,0
1461,2024-01-14,55,1,5,1,Balance,CT,45-54,Female,0,0,0
1462,2024-01-14,55,3,6,7,Weight Loss,MA,25-34,Male,0,0,0
1463,2024-01-14,55,2,5,5,Plant Based,FL,18-24,Female,0,0,0
1464,2024-01-14,55,3,6,7,Plant Based,MA,25-34,Female,0,0,0
1465,2024-01-14,55,1,2,1,Plant Based,NY,25-34,Female,0,0,0
1466,2024-01-14,55,3,6,7,Plant Based,CT,45-54,Female,1,0,0
1467,2024-01-14,55,2,1,6,Plant Based,NV,25-34,Female,0,0,0
1468,2024-01-14,55,1,1,1,Weight Loss,NH,45-54,Male,1,0,0
1469,2024-01-14,55,2,3,2,Balance,VA,25-34,Male,1,0,0
1470,2024-01-14,55,1,5,3,Weight Loss,NJ,45-54,Not Specified,0,1,0
1471,2024-01-14,55,2,4,3,Weight Loss,NV,35-44,Female,0,0,0
1472,2024-01-14,55,2,2,2,Weight Loss,WA,18-24,Female,0,0,0
1473,2024-01-14,55,2,5,1,Plant Based,TN,55-64,Not Specified,0,0,0
1474,2024-01-14,55,1,5,2,Weight Loss,MA,45-54,Male,0,0,0
1475,2024-01-14,55,1,4,2,Balance,RI,35-44,Male,1,1,0
1476,2024-01-14,55,2,5,1,Weight Loss,NV,55-64,Male,0,0,0
1477,2024-01-14,55,1,4,1,Diabetic Friendly,NH,35-44,Male,0,1,1
1478,2024-01-14,55,3,6,7,Balance,CT,45-54,Female,0,0,0
1479,2024-01-14,55,1,4,1,Balance,NY,25-34,Male,0,0,0
1480,2024-01-21,56,1,1,3,Plant Based,NJ,35-44,Female,0,0,0
1481,2024-01-21,56,2,3,1,Weight Loss,GA,35-44,Female,0,0,0
1482,2024-01-21,56,3,6,7,Diabetic Friendly,NY,25-34,Female,0,0,0
1483,2024-01-21,56,2,1,1,Weight Loss,VA,45-54,Male,0,0,0
1484,2024-01-21,56,3,6,7,Balance,MA,18-24,Not Specified,0,0,0
1485,2024-01-21,56,1,2,1,Balance,CT,25-34,Female,0,0,0
1486,2024-01-21,56,1,4,4,Plant Based,CT,25-34,Female,0,0,0
1487,2024-01-21,56,1,1,2,Balance,NJ,35-44,Not Specified,0,0,0
1488,2024-01-21,56,1,2,1,Plant Based,MA,45-54,Male,0,0,0
1489,2024-01-21,56,1,2,2,Balance,RI,45-54,Female,0,0,0
1490,2024-01-21,56,1,4,4,Diabetic Friendly,NJ,25-34,Female,0,0,0
1491,2024-01-21,56,2,2,5,Weight Loss,TN,55-64,Female,0,0,0
1492,2024-01-21,56,1,3,2,Weight Loss,NJ,18-24,Not Specified,1,0,0
1493,2024-01-21,56,1,5,4,Weight Loss,NJ,45-54,Male,0,0,1
1494,2024-01-21,56,3,6,7,Plant Based,NY,45-54,Female,0,0,0
1495,2024-01-21,56,2,3,4,Weight Loss,MN,35-44,Male,0,0,0
1496,2024-01-21,56,1,1,1,Balance,NY,25-34,Female,0,0,0
1497,2024-01-21,56,3,6,7,Weight Loss,MA,25-34,Male,0,0,0
1498,2024-01-21,56,1,1,3,Diabetic Friendly,NJ,35-44,Female,0,0,0
1499,2024-01-21,56,1,2,6,Weight Loss,NY,45-54,Male,1,0,0
1500,2024-01-21,56,1,4,2,Weight Loss,RI,45-54,Female,0,0,0
1501,2024-01-21,56,2,5,2,Diabetic Friendly,CA,45-54,Male,1,0,0
1502,2024-01-21,56,2,3,2,Balance,CA,35-44,Male,1,1,0
1503,2024-01-21,56,1,1,4,Balance,RI,18-24,Female,0,0,0
1504,2024-01-21,56,1,1,1,Balance,NH,45-54,Female,0,0,0
1505,2024-01-21,56,2,4,4,Balance,PA,25-34,Female,1,0,0
1506,2024-01-21,56,1,4,1,Balance,MA,25-34,Female,0,0,0
1507,2024-01-21,56,2,5,5,Plant Based,MD,45-54,Not Specified,0,0,0
1508,2024-01-21,56,1,1,2,Balance,NY,45-54,Female,0,0,0
1509,2024-01-21,56,2,1,1,Plant Based,CA,35-44,Female,0,0,0
1510,2024-01-21,56,1,4,5,Balance,NJ,35-44,Male,0,0,0
1511,2024-01-21,56,1,4,4,Balance,NY,18-24,Male,0,1,0
1512,2024-01-21,56,1,3,1,Balance,NY,25-34,Female,0,0,0
1513,2024-01-21,56,2,4,1,Balance,NC,35-44,Female,0,1,0
1514,2024-01-21,56,1,2,4,Balance,NJ,45-54,Male,0,0,0
1515,2024-01-21,56,2,3,4,Plant Based,FL,35-44,Female,0,0,0
1516,2024-01-21,56,2,3,1,Weight Loss,NV,55-64,Female,0,0,0
1517,2024-01-21,56,1,3,4,Balance,NY,25-34,Male,0,0,0
1518,2024-01-21,56,1,1,4,Balance,MA,35-44,Female,0,1,0
1519,2024-01-21,56,1,1,3,Plant Based,NY,25-34,Male,1,0,0
1520,2024-01-21,56,1,3,1,Balance,NH,25-34,Female,0,0,0
1521,2024-01-21,56,2,4,3,Balance,TN,35-44,Female,0,0,0
1522,2024-01-21,56,1,4,1,Weight Loss,RI,35-44,Male,0,0,1
1523,2024-01-21,56,1,5,4,Balance,MA,35-44,Male,0,0,0
1524,2024-01-21,56,2,3,2,Plant Based,OH,25-34,Female,0,0,0
1525,2024-01-21,56,1,1,1,Weight Loss,CT,35-44,Female,0,0,0
1526,2024-01-21,56,2,3,1,Plant Based,MN,45-54,Female,0,0,0
1527,2024-01-21,56,1,1,5,Plant Based,RI,25-34,Not Specified,0,0,0
1528,2024-01-21,56,2,1,4,Weight Loss,TX,25-34,Female,0,0,0
1529,2024-01-21,56,2,3,2,Plant Based,FL,45-54,Female,0,0,0
1530,2024-01-21,56,1,4,2,Weight Loss,CT,35-44,Female,0,0,0
1531,2024-01-21,56,1,1,3,Balance,NJ,35-44,Female,0,0,0
1532,2024-01-21,56,1,1,2,Weight Loss,RI,45-54,Female,0,0,0
1533,2024-01-21,56,1,3,2,Weight Loss,NJ,45-54,Female,0,0,0
1534,2024-01-21,56,2,3,1,Weight Loss,GA,55-64,Female,0,1,1
1535,2024-01-21,56,1,4,2,Diabetic Friendly,NY,55-64,Female,0,0,0
1536,2024-01-21,56,2,4,1,Balance,MD,45-54,Not Specified,1,0,0
1537,2024-01-21,56,1,4,2,Balance,CT,35-44,Female,0,0,0
1538,2024-01-21,56,2,5,5,Diabetic Friendly,IL,45-54,Male,0,0,0
1539,2024-01-21,56,3,6,7,Balance,MA,18-24,Female,0,0,0
1540,2024-01-21,56,1,1,2,Balance,CT,18-24,Female,0,0,0
1541,2024-01-21,56,1,3,2,Balance,CT,35-44,Female,0,1,0
1542,2024-01-21,56,2,1,2,Diabetic Friendly,AZ,18-24,Female,1,0,0
1543,2024-01-21,56,3,6,7,Weight Loss,NY,45-54,Female,0,0,0
1544,2024-01-21,56,2,5,5,Plant Based,CA,18-24,Male,0,0,0
1545,2024-01-21,56,2,3,3,Balance,CA,55-64,Female,0,0,0
1546,2024-01-21,56,1,4,2,Balance,MA,35-44,Female,0,0,0
1547,2024-01-21,56,3,6,7,Balance,CT,35-44,Female,0,1,0
1548,2024-01-21,56,3,6,7,Plant Based,MA,55-64,Male,0,0,0
1549,2024-01-21,56,3,6,7,Plant Based,CT,25-34,Female,0,0,0
1550,2024-01-21,56,1,2,3,Balance,NJ,45-54,Female,0,0,1
1551,2024-01-21,56,1,1,1,Diabetic Friendly,NY,55-64,Male,0,0,0
1552,2024-01-21,56,2,4,3,Balance,MN,45-54,Female,0,0,0
1553,2024-01-21,56,2,1,2,Balance,OR,45-54,Female,0,0,0
1554,2024-01-21,56,2,1,2,Balance,AZ,35-44,Not Specified,0,0,0
1555,2024-01-21,56,1,2,1,Diabetic Friendly,CT,35-44,Female,0,0,0
1556,2024-01-21,56,3,6,7,Balance,NY,35-44,Female,0,0,0
1557,2024-01-21,56,1,2,5,Weight Loss,CT,35-44,Female,0,0,0
1558,2024-01-21,56,1,1,5,Plant Based,NY,45-54,Not Specified,0,0,0
1559,2024-01-21,56,3,6,7,Diabetic Friendly,MA,45-54,Female,0,1,0
1560,2024-01-21,56,2,3,2,Weight Loss,TN,35-44,Female,0,0,0
1561,2024-01-21,56,1,5,1,Weight Loss,MA,45-54,Female,0,0,0
1562,2024-01-21,56,2,3,6,Plant Based,WA,25-34,Female,0,0,0
1563,2024-01-21,56,2,4,1,Plant Based,AZ,45-54,Male,0,0,1
1564,2024-01-21,56,2,3,2,Plant Based,MD,18-24,Female,0,0,0
1565,2024-01-21,56,1,1,3,Plant Based,NJ,45-54,Female,0,0,1
1566,2024-01-21,56,2,3,3,Plant Based,FL,25-34,Female,0,0,0
1567,2024-01-21,56,3,6,7,Weight Loss,NY,35-44,Female,0,0,0
1568,2024-01-21,56,3,6,7,Weight Loss,NY,25-34,Female,0,0,0
1569,2024-01-21,56,1,3,3,Balance,NH,35-44,Female,0,0,0
1570,2024-01-21,56,3,6,7,Diabetic Friendly,MA,35-44,Male,1,0,1
1571,2024-01-21,56,3,6,7,Weight Loss,CT,18-24,Female,0,0,0
1572,2024-01-21,56,3,6,7,Balance,NY,55-64,Female,0,0,0
1573,2024-01-21,56,3,6,7,Balance,NY,45-54,Male,0,0,0
1574,2024-01-21,56,1,1,2,Plant Based,MA,55-64,Female,0,0,0
1575,2024-01-21,56,1,1,1,Weight Loss,CT,25-34,Female,1,0,0
1576,2024-01-21,56,1,4,1,Balance,CT,45-54,Female,0,1,0
1577,2024-01-21,56,2,3,2,Diabetic Friendly,IL,45-54,Male,0,0,0
1578,2024-01-21,56,1,3,5,Plant Based,CT,35-44,Male,1,0,0
1579,2024-01-21,56,3,6,7,Weight Loss,MA,25-34,Male,0,0,0
1580,2024-01-21,56,2,4,2,Plant Based,NC,45-54,Female,0,0,1
1581,2024-01-21,56,1,5,1,Plant Based,NH,35-44,Male,0,0,0
1582,2024-01-21,56,1,1,4,Weight Loss,NJ,45-54,Female,0,0,1
1583,2024-01-21,56,2,3,1,Plant Based,TN,25-34,Male,0,0,0
1584,2024-01-28,57,1,3,2,Balance,RI,25-34,Female,0,0,0
1585,2024-01-28,57,1,1,3,Diabetic Friendly,NY,45-54,Not Specified,0,0,0
1586,2024-01-28,57,1,3,1,Weight Loss,NY,18-24,Female,0,1,0
1587,2024-01-28,57,1,3,1,Plant Based,NY,35-44,Male,0,0,0
1588,2024-01-28,57,2,4,2,Weight Loss,AZ,35-44,Male,0,0,0
1589,2024-01-28,57,1,5,4,Balance,NH,35-44,Female,0,0,0
1590,2024-01-28,57,1,1,4,Weight Loss,NH,18-24,Male,0,0,0
1591,2024-01-28,57,1,3,2,Weight Loss,NJ,35-44,Female,0,0,0
1592,2024-01-28,57,1,4,1,Weight Loss,CT,25-34,Not Specified,1,0,0
1593,2024-01-28,57,1,3,3,Plant Based,NH,25-34,Male,0,0,0
1594,2024-01-28,57,2,3,3,Weight Loss,TN,35-44,Female,0,0,0
1595,2024-01-28,57,2,4,1,Balance,WA,35-44,Female,0,0,0
1596,2024-01-28,57,2,3,3,Balance,OH,35-44,Female,0,0,0
1597,2024-01-28,57,3,6,7,Weight Loss,MA,45-54,Female,1,0,0
1598,2024-01-28,57,2,1,4,Weight Loss,WA,55-64,Female,0,0,0
1599,2024-02-04,58,1,1,3,Balance,NY,35-44,Male,1,0,0
1600,2024-02-04,58,1,2,2,Diabetic Friendly,NJ,35-44,Female,0,0,0
1601,2024-02-04,58,2,4,1,Balance,VA,18-24,Female,0,0,0
1602,2024-02-04,58,2,5,1,Weight Loss,FL,35-44,Female,0,0,0
1603,2024-02-04,58,1,1,2,Balance,MA,25-34,Female,1,0,0
1604,2024-02-04,58,1,2,5,Plant Based,CT,35-44,Male,0,0,0
1605,2024-02-04,58,3,6,7,Balance,MA,35-44,Not Specified,0,0,0
1606,2024-02-04,58,1,1,2,Weight Loss,MA,35-44,Not Specified,0,0,0
1607,2024-02-04,58,1,4,4,Balance,NJ,25-34,Female,0,0,0
1608,2024-02-04,58,1,5,3,Diabetic Friendly,CT,45-54,Female,0,0,0
1609,2024-02-04,58,1,3,1,Plant Based,NH,25-34,Male,0,0,0
1610,2024-02-11,59,1,4,2,Balance,RI,45-54,Male,0,0,0
1611,2024-02-11,59,1,5,6,Plant Based,NY,35-44,Female,0,0,0
1612,2024-02-11,59,1,2,1,Weight Loss,RI,25-34,Not Specified,0,0,0
1613,2024-02-11,59,2,4,1,Balance,WA,25-34,Female,0,0,0
1614,2024-02-11,59,1,2,1,Weight Loss,MA,35-44,Female,0,0,0
1615,2024-02-11,59,3,6,7,Diabetic Friendly,CT,25-34,Female,0,0,0
1616,2024-02-11,59,2,4,1,Plant Based,PA,55-64,Male,0,0,0
1617,2024-02-11,59,1,4,1,Weight Loss,CT,45-54,Male,0,1,0
1618,2024-02-11,59,1,1,2,Balance,NJ,25-34,Female,1,0,0
1619,2024-02-11,59,1,3,2,Weight Loss,NJ,45-54,Female,0,0,0
1620,2024-02-11,59,1,3,2,Weight Loss,RI,25-34,Male,0,0,0
1621,2024-02-11,59,3,6,7,Balance,NY,25-34,Male,0,0,0
1622,2024-02-11,59,2,4,2,Weight Loss,NC,25-34,Female,0,0,1
1623,2024-02-11,59,2,3,3,Balance,GA,35-44,Male,0,0,1
1624,2024-02-18,60,1,5,5,Balance,NY,35-44,Female,1,0,0
1625,2024-02-18,60,3,6,7,Weight Loss,MA,25-34,Female,0,0,0
1626,2024-02-18,60,2,4,4,Weight Loss,NC,25-34,Male,0,0,0
1627,2024-02-18,60,1,4,1,Plant Based,NJ,25-34,Not Specified,0,0,0
1628,2024-02-18,60,2,3,3,Balance,VA,35-44,Male,0,0,0
1629,2024-02-18,60,1,1,2,Weight Loss,MA,35-44,Male,0,0,0
1630,2024-02-18,60,2,1,6,Diabetic Friendly,WA,35-44,Female,1,0,0
1631,2024-02-18,60,1,2,4,Plant Based,RI,35-44,Female,0,0,0
1632,2024-02-18,60,2,3,2,Weight Loss,OR,25-34,Female,0,0,0
1633,2024-02-18,60,1,1,2,Diabetic Friendly,CT,45-54,Male,0,0,1
1634,2024-02-18,60,1,1,2,Balance,RI,35-44,Male,0,0,0
1635,2024-02-25,61,3,6,7,Weight Loss,CT,45-54,Female,0,0,0
1636,2024-02-25,61,3,6,7,Weight Loss,CT,35-44,Female,0,0,0
1637,2024-02-25,61,1,3,1,Balance,MA,35-44,Female,0,0,0
1638,2024-02-25,61,3,6,7,Balance,MA,35-44,Male,1,0,0
1639,2024-02-25,61,3,6,7,Weight Loss,NY,45-54,Female,1,0,0
1640,2024-02-25,61,1,2,1,Balance,NH,25-34,Male,0,0,0
1641,2024-02-25,61,3,6,7,Diabetic Friendly,NY,25-34,Male,0,1,0
1642,2024-02-25,61,1,1,1,Balance,RI,35-44,Male,0,0,0
1643,2024-02-25,61,2,1,1,Plant Based,OH,35-44,Male,0,0,1
1644,2024-02-25,61,2,1,1,Balance,PA,45-54,Male,0,0,0
1645,2024-02-25,61,2,4,3,Balance,FL,55-64,Male,0,0,0
1646,2024-03-03,62,2,2,2,Balance,IL,25-34,Male,0,0,0
1647,2024-03-03,62,2,2,1,Diabetic Friendly,PA,45-54,Male,1,0,0
1648,2024-03-03,62,1,3,2,Weight Loss,RI,25-34,Female,0,0,0
1649,2024-03-03,62,1,4,1,Balance,NH,25-34,Female,0,0,0
1650,2024-03-03,62,1,4,3,Weight Loss,CT,25-34,Male,0,0,0
1651,2024-03-03,62,2,5,3,Plant Based,TN,35-44,Female,0,0,0
1652,2024-03-03,62,2,3,2,Balance,CO,25-34,Female,1,0,0
1653,2024-03-03,62,1,1,1,Balance,MA,45-54,Female,0,0,0
1654,2024-03-03,62,1,1,2,Plant Based,CT,25-34,Female,0,0,0
1655,2024-03-03,62,2,3,1,Balance,CO,35-44,Not Specified,0,0,0
1656,2024-03-03,62,1,1,1,Weight Loss,NH,25-34,Not Specified,0,0,0
1657,2024-03-03,62,3,6,7,Balance,NY,45-54,Female,0,1,0
1658,2024-03-03,62,1,4,3,Weight Loss,NY,35-44,Male,0,0,0
1659,2024-03-03,62,1,4,4,Weight Loss,NJ,25-34,Male,0,0,0
1660,2024-03-03,62,3,6,7,Plant Based,NY,18-24,Male,0,0,0
1661,2024-03-03,62,1,1,1,Weight Loss,MA,25-34,Not Specified,0,1,1
1662,2024-03-03,62,1,3,3,Balance,NH,25-34,Female,0,0,0
1663,2024-03-03,62,3,6,7,Plant Based,MA,35-44,Male,0,0,0
1664,2024-03-10,63,1,1,4,Balance,NJ,35-44,Female,0,0,0
1665,2024-03-10,63,2,4,2,Weight Loss,TN,25-34,Female,0,0,0
1666,2024-03-10,63,1,3,1,Weight Loss,NY,35-44,Female,0,0,1
1667,2024-03-10,63,1,1,4,Plant Based,RI,35-44,Female,0,0,0
1668,2024-03-10,63,1,5,6,Weight Loss,NY,18-24,Male,0,0,0
1669,2024-03-10,63,3,6,7,Balance,CT,25-34,Female,0,0,0
1670,2024-03-10,63,1,1,1,Weight Loss,NH,18-24,Male,0,1,0
1671,2024-03-10,63,3,6,7,Balance,MA,35-44,Male,0,0,0
1672,2024-03-10,63,2,5,5,Balance,OR,35-44,Female,0,0,0
1673,2024-03-10,63,1,3,4,Plant Based,NJ,55-64,Male,0,0,0
1674,2024-03-10,63,2,5,5,Weight Loss,OR,45-54,Female,0,0,0
1675,2024-03-10,63,3,6,7,Balance,CT,45-54,Female,1,0,0
1676,2024-03-10,63,1,4,2,Balance,CT,35-44,Female,0,1,0
1677,2024-03-10,63,3,6,7,Plant Based,CT,25-34,Female,0,0,0
1678,2024-03-10,63,1,3,6,Diabetic Friendly,NH,35-44,Male,0,0,0
1679,2024-03-17,64,1,4,2,Balance,MA,18-24,Male,0,0,0
1680,2024-03-17,64,3,6,7,Weight Loss,CT,25-34,Male,0,0,0
1681,2024-03-17,64,2,1,3,Plant Based,TN,45-54,Male,0,0,0
1682,2024-03-17,64,1,5,2,Balance,RI,35-44,Female,0,0,0
1683,2024-03-17,64,1,5,2,Plant Based,CT,45-54,Female,0,0,0
1684,2024-03-17,64,2,3,2,Weight Loss,NC,25-34,Female,0,0,0
1685,2024-03-17,64,1,2,3,Weight Loss,NY,35-44,Female,0,0,0
1686,2024-03-17,64,2,3,4,Weight Loss,NC,45-54,Not Specified,0,0,0
1687,2024-03-17,64,1,2,1,Balance,NJ,25-34,Male,0,0,0
1688,2024-03-17,64,2,5,2,Diabetic Friendly,CA,45-54,Female,0,0,0
1689,2024-03-24,65,3,6,7,Balance,CT,18-24,Female,0,1,0
1690,2024-03-24,65,1,1,2,Weight Loss,NJ,35-44,Female,0,1,0
1691,2024-03-24,65,3,6,7,Plant Based,MA,35-44,Female,1,1,0
1692,2024-03-24,65,1,4,4,Weight Loss,MA,45-54,Male,0,0,0
1693,2024-03-24,65,1,3,3,Weight Loss,CT,35-44,Female,0,0,0
1694,2024-03-24,65,3,6,7,Balance,NY,25-34,Female,0,0,0
1695,2024-03-24,65,2,1,3,Weight Loss,OH,25-34,Male,0,0,0
1696,2024-03-24,65,1,2,3,Balance,MA,35-44,Male,0,0,0
1697,2024-03-24,65,1,3,1,Weight Loss,NJ,25-34,Male,0,1,1
1698,2024-03-31,66,2,3,3,Balance,AZ,25-34,Female,0,0,0
1699,2024-03-31,66,2,3,2,Weight Loss,NV,25-34,Female,0,0,0
1700,2024-03-31,66,1,3,2,Weight Loss,RI,18-24,Female,0,0,0
1701,2024-03-31,66,1,4,1,Balance,NY,45-54,Female,0,0,0
1702,2024-03-31,66,3,6,7,Plant Based,MA,25-34,Female,1,0,0
1703,2024-03-31,66,1,1,5,Weight Loss,MA,45-54,Female,0,0,0
1704,2024-03-31,66,1,3,2,Weight Loss,NH,45-54,Male,0,0,0
1705,2024-03-31,66,2,1,5,Plant Based,IL,45-54,Female,0,0,0
1706,2024-03-31,66,1,1,2,Weight Loss,NY,35-44,Male,0,0,0
1707,2024-03-31,66,1,4,2,Diabetic Friendly,NY,45-54,Male,0,0,0
1708,2024-03-31,66,2,3,2,Balance,OH,25-34,Female,0,0,0
1709,2024-03-31,66,3,6,7,Balance,NY,25-34,Male,0,0,1
1710,2024-03-31,66,2,3,1,Weight Loss,OH,25-34,Female,0,0,0
1711,2024-03-31,66,3,6,7,Plant Based,NY,55-64,Female,1,0,0
1712,2024-04-07,67,1,2,1,Balance,NH,45-54,Female,0,0,0
1713,2024-04-07,67,1,3,3,Diabetic Friendly,NY,35-44,Male,0,1,0
1714,2024-04-07,67,2,2,1,Weight Loss,GA,45-54,Female,1,0,0
1715,2024-04-07,67,1,4,5,Balance,CT,18-24,Female,0,1,0
1716,2024-04-07,67,3,6,7,Balance,MA,35-44,Female,0,0,0
1717,2024-04-07,67,1,3,1,Weight Loss,NY,25-34,Male,0,1,0
1718,2024-04-07,67,3,6,7,Weight Loss,CT,35-44,Male,0,0,0
1719,2024-04-07,67,3,6,7,Balance,NY,25-34,Female,0,0,0
1720,2024-04-07,67,1,1,2,Balance,NY,18-24,Male,0,0,0
1721,2024-04-07,67,1,3,5,Weight Loss,NJ,25-34,Male,0,0,0
1722,2024-04-07,67,1,4,3,Plant Based,RI,35-44,Female,0,0,0
1723,2024-04-07,67,3,6,7,Weight Loss,CT,25-34,Not Specified,0,0,0
1724,2024-04-07,67,1,3,1,Balance,NH,45-54,Male,0,0,0
1725,2024-04-07,67,2,3,5,Plant Based,OH,35-44,Male,0,0,0
1726,2024-04-07,67,1,5,3,Weight Loss,MA,35-44,Male,0,0,0
1727,2024-04-14,68,2,5,1,Balance,NV,45-54,Female,0,0,1
1728,2024-04-14,68,2,3,2,Balance,TN,18-24,Male,0,0,0
1729,2024-04-14,68,2,1,2,Plant Based,TN,25-34,Female,1,1,0
1730,2024-04-14,68,3,6,7,Diabetic Friendly,NY,35-44,Male,1,0,1
1731,2024-04-14,68,1,4,4,Weight Loss,NH,25-34,Female,0,0,0
1732,2024-04-14,68,2,1,1,Plant Based,IL,18-24,Male,0,0,0
1733,2024-04-14,68,2,5,3,Weight Loss,WA,18-24,Female,0,0,0
1734,2024-04-14,68,2,3,1,Diabetic Friendly,MN,35-44,Female,0,0,0
1735,2024-04-14,68,3,6,7,Diabetic Friendly,MA,18-24,Female,0,0,0
1736,2024-04-21,69,2,1,3,Balance,VA,35-44,Female,0,0,0
1737,2024-04-21,69,1,3,3,Balance,NJ,35-44,Male,0,0,0
1738,2024-04-21,69,1,3,2,Diabetic Friendly,NJ,35-44,Female,0,0,0
1739,2024-04-21,69,2,3,4,Weight Loss,OH,45-54,Female,0,0,0
1740,2024-04-21,69,1,4,2,Plant Based,NJ,35-44,Female,0,0,1
1741,2024-04-21,69,3,6,7,Plant Based,CT,45-54,Not Specified,0,0,0
1742,2024-04-21,69,2,3,2,Diabetic Friendly,CO,35-44,Female,0,0,0
1743,2024-04-21,69,1,1,1,Weight Loss,NY,45-54,Male,0,1,0
1744,2024-04-21,69,1,2,1,Balance,CT,55-64,Female,0,0,0
1745,2024-04-21,69,3,6,7,Weight Loss,NY,25-34,Male,1,0,0
1746,2024-04-21,69,1,2,4,Balance,MA,45-54,Female,0,0,0
1747,2024-04-21,69,2,5,1,Weight Loss,CA,25-34,Male,0,0,1
1748,2024-04-21,69,1,2,4,Diabetic Friendly,CT,35-44,Male,0,0,0
1749,2024-04-21,69,1,1,2,Diabetic Friendly,MA,45-54,Female,0,0,0
1750,2024-04-28,70,3,6,7,Balance,MA,55-64,Male,0,0,0
1751,2024-04-28,70,1,5,3,Plant Based,RI,18-24,Female,0,1,0
1752,2024-04-28,70,1,5,3,Balance,MA,35-44,Male,1,0,0
1753,2024-04-28,70,3,6,7,Balance,NY,35-44,Female,1,1,0
1754,2024-04-28,70,1,1,2,Diabetic Friendly,MA,45-54,Male,0,0,0
1755,2024-04-28,70,2,2,3,Plant Based,AZ,35-44,Female,0,0,0
1756,2024-04-28,70,1,2,6,Plant Based,NY,35-44,Male,0,0,0
1757,2024-04-28,70,1,1,2,Weight Loss,NH,25-34,Male,0,1,0
1758,2024-04-28,70,1,3,2,Weight Loss,NY,18-24,Male,0,0,0
1759,2024-04-28,70,1,3,5,Balance,RI,45-54,Female,0,0,0
1760,2024-04-28,70,1,4,2,Weight Loss,MA,25-34,Male,0,0,0
1761,2024-05-05,71,1,2,1,Diabetic Friendly,CT,45-54,Male,0,0,0
1762,2024-05-05,71,1,1,4,Diabetic Friendly,RI,35-44,Female,0,0,0
1763,2024-05-05,71,3,6,7,Balance,MA,25-34,Male,0,0,0
1764,2024-05-05,71,2,1,3,Balance,IL,18-24,Not Specified,1,0,0
1765,2024-05-05,71,3,6,7,Plant Based,NY,55-64,Female,0,1,0
1766,2024-05-05,71,1,3,1,Weight Loss,NH,25-34,Female,0,0,0
1767,2024-05-05,71,2,4,1,Balance,MI,18-24,Female,0,0,0
1768,2024-05-05,71,2,4,1,Balance,CO,35-44,Male,0,1,0
1769,2024-05-05,71,1,5,5,Balance,NJ,45-54,Male,0,0,0
1770,2024-05-05,71,1,2,6,Weight Loss,NH,45-54,Male,0,0,0
1771,2024-05-05,71,3,6,7,Weight Loss,CT,35-44,Male,0,0,0
1772,2024-05-05,71,1,2,3,Balance,NH,25-34,Male,0,0,0
1773,2024-05-05,71,1,5,5,Weight Loss,CT,35-44,Male,0,1,0
1774,2024-05-12,72,3,6,7,Balance,CT,35-44,Male,0,0,0
1775,2024-05-12,72,1,3,2,Balance,RI,35-44,Female,0,0,0
1776,2024-05-12,72,1,2,2,Diabetic Friendly,MA,45-54,Female,0,0,0
1777,2024-05-12,72,1,4,6,Weight Loss,NJ,35-44,Female,0,0,0
1778,2024-05-12,72,2,3,6,Balance,AZ,25-34,Female,0,0,0
1779,2024-05-12,72,1,1,1,Balance,RI,18-24,Female,0,0,0
1780,2024-05-12,72,1,1,2,Balance,RI,18-24,Female,0,0,0
1781,2024-05-12,72,2,3,1,Balance,AZ,45-54,Female,0,0,0
1782,2024-05-12,72,1,1,4,Weight Loss,CT,45-54,Female,0,0,0
1783,2024-05-12,72,1,2,4,Weight Loss,NH,18-24,Male,0,0,0
1784,2024-05-19,73,2,4,2,Balance,NV,35-44,Female,0,0,0
1785,2024-05-19,73,1,1,6,Balance,NH,35-44,Male,0,0,0
1786,2024-05-19,73,1,1,1,Diabetic Friendly,NY,45-54,Male,0,0,0
1787,2024-05-19,73,2,2,4,Balance,OH,25-34,Male,0,0,0
1788,2024-05-19,73,2,3,5,Plant Based,FL,35-44,Male,0,0,0
1789,2024-05-19,73,1,3,1,Balance,MA,35-44,Female,0,0,0
1790,2024-05-19,73,2,1,3,Balance,VA,35-44,Male,0,0,0
1791,2024-05-19,73,1,3,1,Weight Loss,NJ,25-34,Not Specified,0,0,0
1792,2024-05-19,73,2,3,5,Plant Based,MI,35-44,Not Specified,0,0,0
1793,2024-05-19,73,1,3,3,Weight Loss,CT,35-44,Male,0,0,0
1794,2024-05-19,73,1,2,6,Weight Loss,RI,45-54,Male,0,0,1
1795,2024-05-19,73,3,6,7,Weight Loss,NY,35-44,Male,0,0,0
1796,2024-05-19,73,1,1,1,Diabetic Friendly,NJ,35-44,Female,0,0,0
1797,2024-05-19,73,3,6,7,Weight Loss,MA,25-34,Female,0,0,0
1798,2024-05-19,73,1,2,1,Balance,NH,25-34,Male,0,0,0
1799,2024-05-26,74,3,6,7,Weight Loss,NY,25-34,Male,1,0,0
1800,2024-05-26,74,1,3,6,Balance,MA,35-44,Male,0,1,0
1801,2024-05-26,74,3,6,7,Plant Based,MA,25-34,Male,0,0,0
1802,2024-05-26,74,1,3,1,Weight Loss,NJ,35-44,Female,1,0,0
1803,2024-05-26,74,1,3,2,Weight Loss,MA,25-34,Male,0,0,0
1804,2024-05-26,74,2,3,3,Diabetic Friendly,TX,25-34,Female,0,0,0
1805,2024-05-26,74,1,2,1,Diabetic Friendly,RI,35-44,Female,0,0,0
1806,2024-05-26,74,2,1,3,Balance,CO,35-44,Female,0,0,0
1807,2024-05-26,74,1,5,1,Plant Based,RI,35-44,Male,0,0,0
1808,2024-05-26,74,1,1,3,Plant Based,NJ,35-44,Not Specified,0,0,0
1809,2024-05-26,74,3,6,7,Balance,CT,35-44,Female,0,0,0
1810,2024-05-26,74,2,3,1,Balance,TN,25-34,Female,0,0,0
1811,2024-05-26,74,3,6,7,Plant Based,MA,35-44,Female,0,0,0
1812,2024-06-02,75,2,1,3,Balance,NC,35-44,Female,1,0,0
1813,2024-06-02,75,3,6,7,Balance,CT,35-44,Male,0,0,0
1814,2024-06-02,75,2,4,5,Diabetic Friendly,MI,25-34,Female,0,0,0
1815,2024-06-02,75,3,6,7,Balance,NY,55-64,Male,0,0,1
1816,2024-06-02,75,1,1,1,Balance,RI,18-24,Male,1,0,0
1817,2024-06-09,76,3,6,7,Weight Loss,NY,45-54,Female,0,0,0
1818,2024-06-09,76,1,2,4,Balance,NH,45-54,Female,0,0,0
1819,2024-06-09,76,1,3,1,Balance,NJ,25-34,Male,1,0,0
1820,2024-06-09,76,1,1,5,Diabetic Friendly,CT,45-54,Female,0,0,0
1821,2024-06-09,76,1,2,3,Weight Loss,NY,25-34,Male,0,1,0
1822,2024-06-09,76,2,5,4,Diabetic Friendly,VA,25-34,Female,0,0,0
1823,2024-06-09,76,3,6,7,Balance,NY,25-34,Male,0,0,0
1824,2024-06-09,76,3,6,7,Plant Based,CT,25-34,Male,0,0,1
1825,2024-06-09,76,1,5,4,Diabetic Friendly,NJ,35-44,Male,0,0,0
1826,2024-06-09,76,1,3,1,Weight Loss,NH,35-44,Female,0,1,0
1827,2024-06-16,77,2,5,3,Balance,TX,25-34,Female,0,1,0
1828,2024-06-16,77,1,3,1,Balance,NY,25-34,Male,0,0,0
1829,2024-06-16,77,1,4,1,Weight Loss,NJ,35-44,Female,0,0,0
1830,2024-06-16,77,1,3,3,Balance,NH,55-64,Male,0,0,0
1831,2024-06-16,77,1,3,2,Diabetic Friendly,CT,18-24,Male,0,0,0
1832,2024-06-23,78,1,2,3,Plant Based,NJ,45-54,Male,0,0,0
1833,2024-06-23,78,2,2,3,Plant Based,OR,35-44,Female,0,0,0
1834,2024-06-23,78,2,4,1,Balance,NC,35-44,Female,0,0,0
1835,2024-06-23,78,1,1,1,Weight Loss,NH,45-54,Female,0,0,0
1836,2024-06-23,78,1,1,1,Balance,MA,25-34,Male,0,0,0
1837,2024-06-23,78,2,3,1,Balance,NV,45-54,Male,0,0,0
1838,2024-06-30,79,1,4,2,Balance,RI,45-54,Female,0,0,0
1839,2024-06-30,79,2,1,1,Weight Loss,PA,18-24,Female,0,0,0
1840,2024-06-30,79,2,4,3,Weight Loss,PA,45-54,Female,0,0,0
1841,2024-06-30,79,2,2,3,Diabetic Friendly,WA,25-34,Male,0,0,0
1842,2024-06-30,79,1,1,1,Balance,NJ,45-54,Female,0,1,0
1843,2024-06-30,79,1,5,4,Weight Loss,NY,25-34,Female,0,0,0
1844,2024-06-30,79,1,3,1,Balance,MA,35-44,Male,0,0,0
1845,2024-07-07,80,2,3,1,Balance,TX,25-34,Male,1,1,0
1846,2024-07-07,80,1,3,5,Balance,MA,35-44,Female,0,1,0
1847,2024-07-07,80,2,3,2,Weight Loss,GA,45-54,Female,0,0,1
1848,2024-07-07,80,1,3,1,Plant Based,CT,35-44,Female,0,0,1
1849,2024-07-07,80,1,4,2,Diabetic Friendly,CT,35-44,Female,0,0,0
1850,2024-07-07,80,1,1,2,Plant Based,CT,25-34,Male,0,0,0
1851,2024-07-07,80,1,3,2,Weight Loss,MA,35-44,Male,0,0,0
1852,2024-07-14,81,3,6,7,Weight Loss,CT,45-54,Male,0,0,0
1853,2024-07-14,81,1,1,6,Weight Loss,RI,45-54,Male,0,0,1
1854,2024-07-14,81,1,2,1,Balance,MA,45-54,Female,0,0,0
1855,2024-07-14,81,1,4,1,Weight Loss,MA,35-44,Female,0,0,0
1856,2024-07-14,81,1,2,2,Balance,NY,55-64,Female,0,0,0
1857,2024-07-14,81,3,6,7,Plant Based,NY,18-24,Female,0,0,0
1858,2024-07-21,82,2,5,3,Weight Loss,TN,55-64,Female,1,0,0
1859,2024-07-21,82,1,2,2,Balance,NJ,25-34,Female,1,0,0
1860,2024-07-21,82,1,2,1,Balance,NH,55-64,Male,0,0,0
1861,2024-07-21,82,2,3,2,Balance,WA,35-44,Female,0,0,0
1862,2024-07-21,82,3,6,7,Weight Loss,NY,25-34,Female,1,0,0
1863,2024-07-28,83,2,4,1,Weight Loss,NC,45-54,Female,0,0,0
1864,2024-07-28,83,3,6,7,Balance,NY,45-54,Male,0,0,0
1865,2024-07-28,83,2,3,3,Weight Loss,MD,55-64,Not Specified,0,0,0
1866,2024-07-28,83,1,1,1,Diabetic Friendly,RI,55-64,Male,0,1,0
1867,2024-07-28,83,3,6,7,Weight Loss,MA,25-34,Male,0,0,0
1868,2024-07-28,83,1,3,3,Plant Based,RI,25-34,Female,1,0,0
1869,2024-07-28,83,1,1,3,Weight Loss,MA,45-54,Female,0,0,0
1870,2024-07-28,83,1,4,2,Balance,NJ,25-34,Male,0,0,0
1871,2024-07-28,83,2,5,3,Weight Loss,VA,45-54,Male,0,0,0
1872,2024-08-04,84,2,3,2,Balance,GA,25-34,Female,0,0,0
1873,2024-08-04,84,1,1,2,Diabetic Friendly,CT,45-54,Female,0,0,0
1874,2024-08-04,84,1,3,1,Balance,CT,35-44,Female,0,0,0
1875,2024-08-04,84,1,4,1,Plant Based,NY,55-64,Male,0,0,0
1876,2024-08-04,84,1,5,1,Plant Based,NY,25-34,Male,0,0,1
1877,2024-08-04,84,1,2,4,Balance,MA,25-34,Male,0,0,0
1878,2024-08-04,84,2,3,2,Weight Loss,MI,25-34,Male,0,0,0
1879,2024-08-11,85,3,6,7,Plant Based,CT,18-24,Female,0,0,0
1880,2024-08-11,85,1,1,1,Balance,MA,35-44,Female,0,0,0
1881,2024-08-11,85,1,2,2,Plant Based,MA,35-44,Female,0,0,0
1882,2024-08-11,85,1,2,1,Diabetic Friendly,NJ,25-34,Female,0,0,0
1883,2024-08-11,85,1,1,3,Diabetic Friendly,MA,25-34,Female,0,1,0
1884,2024-08-11,85,2,1,3,Diabetic Friendly,CA,35-44,Female,1,0,0
1885,2024-08-11,85,3,6,7,Diabetic Friendly,NY,25-34,Male,0,0,0
1886,2024-08-11,85,3,6,7,Weight Loss,CT,35-44,Male,0,0,0
1887,2024-08-11,85,3,6,7,Diabetic Friendly,MA,18-24,Female,0,0,0
1888,2024-08-11,85,1,3,1,Weight Loss,NJ,55-64,Female,0,1,0
1889,2024-08-18,86,1,2,1,Weight Loss,NY,45-54,Not Specified,0,0,0
1890,2024-08-18,86,2,4,1,Balance,FL,55-64,Female,0,0,0
1891,2024-08-18,86,1,3,4,Weight Loss,NJ,18-24,Male,0,1,0
1892,2024-08-18,86,3,6,7,Balance,NY,18-24,Male,0,0,0
1893,2024-08-18,86,3,6,7,Balance,CT,25-34,Male,0,0,0
1894,2024-08-18,86,1,1,2,Balance,CT,25-34,Female,0,0,0
1895,2024-08-18,86,1,1,1,Weight Loss,CT,35-44,Female,0,0,0
1896,2024-08-25,87,2,4,4,Balance,CA,25-34,Female,0,0,0
1897,2024-08-25,87,2,3,3,Balance,VA,25-34,Female,0,0,0
1898,2024-08-25,87,1,3,1,Plant Based,NY,25-34,Male,0,0,0
1899,2024-08-25,87,1,3,1,Diabetic Friendly,NH,35-44,Female,0,0,0
1900,2024-08-25,87,1,1,2,Balance,CT,35-44,Male,0,1,0
1901,2024-08-25,87,1,2,3,Balance,NJ,35-44,Female,0,0,0
1902,2024-09-01,88,1,3,2,Weight Loss,CT,35-44,Female,0,0,0
1903,2024-09-01,88,2,4,3,Weight Loss,OH,55-64,Female,0,0,0
1904,2024-09-01,88,1,3,2,Balance,NJ,35-44,Female,0,0,1
1905,2024-09-01,88,2,4,1,Plant Based,NC,25-34,Male,1,0,0
1906,2024-09-01,88,1,3,5,Balance,RI,25-34,Female,0,0,0
1907,2024-09-01,88,1,1,3,Weight Loss,MA,25-34,Female,0,0,0
1908,2024-09-01,88,2,1,2,Weight Loss,CA,35-44,Male,0,0,0
1909,2024-09-01,88,1,4,6,Weight Loss,RI,25-34,Male,0,0,0
1910,2024-09-01,88,1,1,3,Balance,CT,25-34,Male,0,0,0
1911,2024-09-01,88,1,1,1,Weight Loss,NJ,35-44,Male,1,0,0
1912,2024-09-01,88,3,6,7,Plant Based,CT,35-44,Female,0,0,0
1913,2024-09-01,88,2,3,2,Weight Loss,MI,35-44,Female,0,1,0
1914,2024-09-01,88,1,1,3,Balance,NH,18-24,Female,0,0,0
1915,2024-09-01,88,1,1,1,Balance,NH,18-24,Male,0,0,0
1916,2024-09-01,88,1,5,3,Balance,MA,35-44,Male,0,0,0
1917,2024-09-01,88,1,2,3,Balance,NH,35-44,Female,0,0,0
1918,2024-09-08,89,3,6,7,Weight Loss,CT,35-44,Male,0,0,0
1919,2024-09-08,89,3,6,7,Weight Loss,MA,35-44,Male,0,0,0
1920,2024-09-08,89,2,3,1,Weight Loss,OH,25-34,Male,1,1,0
1921,2024-09-08,89,1,1,1,Weight Loss,CT,25-34,Female,0,0,0
1922,2024-09-08,89,1,3,4,Weight Loss,NJ,25-34,Male,0,0,0
1923,2024-09-08,89,3,6,7,Balance,NY,35-44,Female,0,0,0
1924,2024-09-08,89,1,3,4,Plant Based,NY,25-34,Female,0,0,0
1925,2024-09-08,89,1,3,2,Weight Loss,NY,35-44,Female,0,0,0
1926,2024-09-08,89,1,3,6,Plant Based,NJ,25-34,Female,0,0,0
1927,2024-09-08,89,1,3,2,Plant Based,CT,25-34,Female,0,0,0
1928,2024-09-08,89,3,6,7,Balance,NY,35-44,Male,0,1,0
1929,2024-09-08,89,1,3,3,Weight Loss,CT,35-44,Female,0,0,0
1930,2024-09-08,89,1,3,2,Balance,NH,18-24,Male,0,0,0
1931,2024-09-15,90,2,3,1,Weight Loss,AZ,45-54,Male,0,0,0
1932,2024-09-15,90,1,3,3,Balance,NH,45-54,Female,0,0,0
1933,2024-09-15,90,2,3,2,Plant Based,CA,25-34,Male,0,0,0
1934,2024-09-15,90,1,1,1,Weight Loss,MA,35-44,Female,0,1,0
1935,2024-09-15,90,1,4,2,Balance,NY,25-34,Female,0,0,0
1936,2024-09-15,90,2,3,3,Weight Loss,WA,25-34,Male,0,0,0
1937,2024-09-15,90,1,2,4,Balance,RI,45-54,Female,0,1,1
1938,2024-09-15,90,1,4,4,Weight Loss,RI,35-44,Male,0,0,1
1939,2024-09-15,90,3,6,7,Balance,NY,25-34,Female,0,0,0
1940,2024-09-15,90,2,3,3,Weight Loss,AZ,35-44,Male,1,0,0
1941,2024-09-15,90,1,4,1,Weight Loss,NJ,25-34,Female,0,1,0
1942,2024-09-15,90,1,1,3,Balance,RI,35-44,Male,0,0,0
1943,2024-09-15,90,2,1,5,Balance,CO,45-54,Female,0,0,0
1944,2024-09-15,90,3,6,7,Balance,MA,35-44,Female,0,0,0
1945,2024-09-15,90,1,5,3,Balance,CT,45-54,Female,0,0,0
1946,2024-09-22,91,2,3,1,Weight Loss,WA,25-34,Male,0,0,0
1947,2024-09-22,91,1,5,1,Weight Loss,MA,25-34,Female,0,0,1
1948,2024-09-22,91,2,1,1,Balance,TN,45-54,Male,0,0,0
1949,2024-09-22,91,1,3,2,Balance,NH,35-44,Male,0,0,0
1950,2024-09-22,91,1,1,3,Balance,RI,35-44,Female,0,0,0
1951,2024-09-22,91,3,6,7,Weight Loss,NY,35-44,Female,1,0,0
1952,2024-09-22,91,2,3,1,Weight Loss,CO,25-34,Female,0,0,0
1953,2024-09-22,91,1,4,3,Plant Based,NH,25-34,Male,0,0,0
1954,2024-09-22,91,2,1,1,Diabetic Friendly,OR,25-34,Female,0,0,0
1955,2024-09-22,91,1,2,5,Balance,CT,25-34,Male,0,0,0
1956,2024-09-22,91,3,6,7,Weight Loss,CT,35-44,Female,0,1,0
1957,2024-09-22,91,1,1,1,Weight Loss,NH,25-34,Male,0,0,0
1958,2024-09-22,91,1,1,2,Balance,NJ,45-54,Male,1,0,0
1959,2024-09-22,91,1,3,1,Plant Based,NJ,35-44,Male,0,0,0
1960,2024-09-29,92,2,5,1,Plant Based,FL,25-34,Male,0,0,0
1961,2024-09-29,92,1,1,3,Weight Loss,RI,18-24,Female,1,0,0
1962,2024-09-29,92,1,3,1,Diabetic Friendly,MA,35-44,Female,0,0,0
1963,2024-09-29,92,1,1,1,Balance,RI,55-64,Male,0,0,0
1964,2024-09-29,92,2,3,2,Weight Loss,OR,45-54,Male,0,0,0
1965,2024-09-29,92,1,1,2,Balance,NY,35-44,Female,1,0,0
1966,2024-09-29,92,1,4,4,Plant Based,NJ,45-54,Female,0,0,0
1967,2024-09-29,92,1,3,5,Plant Based,MA,35-44,Male,0,0,0
1968,2024-09-29,92,1,2,4,Balance,CT,55-64,Not Specified,1,0,0
1969,2024-09-29,92,1,3,4,Plant Based,NY,25-34,Female,0,0,0
1970,2024-09-29,92,1,5,2,Balance,RI,45-54,Male,0,0,0
1971,2024-09-29,92,2,4,2,Weight Loss,OH,25-34,Female,0,0,0
1972,2024-09-29,92,1,1,4,Balance,RI,35-44,Male,0,0,0
1973,2024-09-29,92,2,1,3,Balance,WA,45-54,Female,0,0,1
1974,2024-09-29,92,3,6,7,Balance,CT,35-44,Female,0,0,0
1975,2024-09-29,92,1,1,1,Weight Loss,NH,45-54,Male,0,0,1
1976,2024-10-06,93,1,2,3,Balance,CT,18-24,Female,0,0,0
1977,2024-10-06,93,1,1,2,Balance,NH,25-34,Male,0,0,0
1978,2024-10-06,93,2,4,3,Weight Loss,TX,55-64,Not Specified,0,0,0
1979,2024-10-06,93,3,6,7,Weight Loss,NY,25-34,Female,0,0,0
1980,2024-10-06,93,2,3,5,Balance,CO,25-34,Female,0,1,0
1981,2024-10-06,93,1,3,1,Balance,CT,25-34,Male,0,0,0
1982,2024-10-06,93,1,2,2,Balance,CT,25-34,Female,0,0,1
1983,2024-10-06,93,1,3,5,Weight Loss,NJ,25-34,Female,0,0,0
1984,2024-10-06,93,1,5,1,Weight Loss,RI,35-44,Female,0,1,0
1985,2024-10-06,93,1,1,4,Plant Based,NH,25-34,Female,0,0,0
1986,2024-10-06,93,1,4,5,Weight Loss,RI,35-44,Female,0,0,0
1987,2024-10-06,93,3,6,7,Weight Loss,CT,35-44,Female,0,0,0
1988,2024-10-06,93,1,3,4,Plant Based,NY,45-54,Female,0,0,0
1989,2024-10-06,93,1,4,1,Weight Loss,NJ,35-44,Male,1,0,0
1990,2024-10-06,93,3,6,7,Plant Based,MA,45-54,Male,0,0,0
1991,2024-10-13,94,1,3,4,Diabetic Friendly,CT,35-44,Female,0,0,0
1992,2024-10-13,94,1,1,2,Plant Based,NJ,35-44,Male,1,0,0
1993,2024-10-13,94,2,5,2,Weight Loss,IL,35-44,Female,1,0,0
1994,2024-10-13,94,1,5,5,Balance,CT,45-54,Male,0,1,1
1995,2024-10-13,94,2,3,1,Plant Based,OR,18-24,Female,0,0,0
1996,2024-10-13,94,1,1,1,Diabetic Friendly,NY,25-34,Female,1,0,0
1997,2024-10-13,94,1,5,1,Balance,NJ,55-64,Female,0,0,0
1998,2024-10-13,94,1,4,3,Balance,RI,25-34,Female,0,0,0
1999,2024-10-13,94,1,4,3,Weight Loss,RI,25-34,Female,0,0,1
2000,2024-10-20,95,1,1,2,Balance,NH,18-24,Female,0,0,1
2001,2024-10-20,95,3,6,7,Balance,MA,25-34,Male,0,0,0
2002,2024-10-20,95,1,1,6,Weight Loss,RI,18-24,Female,0,1,0
2003,2024-10-20,95,1,5,3,Balance,RI,45-54,Female,0,0,0
2004,2024-10-20,95,2,1,1,Weight Loss,OH,35-44,Female,0,0,0
2005,2024-10-20,95,1,1,4,Balance,CT,45-54,Male,0,0,0
2006,2024-10-20,95,1,1,4,Diabetic Friendly,NY,35-44,Female,0,0,1
2007,2024-10-20,95,3,6,7,Plant Based,MA,25-34,Male,0,0,0
2008,2024-10-20,95,2,1,1,Diabetic Friendly,CA,25-34,Female,0,0,0
2009,2024-10-20,95,1,2,4,Plant Based,RI,35-44,Female,0,0,0
2010,2024-10-20,95,2,3,1,Balance,CO,35-44,Male,0,0,0
2011,2024-10-20,95,3,6,7,Balance,CT,55-64,Male,0,0,0
2012,2024-10-20,95,1,1,3,Balance,MA,55-64,Male,0,0,0
2013,2024-10-20,95,3,6,7,Balance,CT,35-44,Female,0,0,0
2014,2024-10-27,96,1,2,1,Balance,NH,35-44,Female,0,0,0
2015,2024-10-27,96,2,5,6,Balance,NV,18-24,Female,0,0,0
2016,2024-10-27,96,1,3,3,Weight Loss,NH,45-54,Male,0,0,0
2017,2024-10-27,96,2,4,6,Balance,GA,25-34,Female,0,0,0
2018,2024-10-27,96,1,5,2,Balance,NY,25-34,Male,1,1,0
2019,2024-10-27,96,2,4,3,Plant Based,VA,25-34,Female,0,0,1
2020,2024-10-27,96,1,3,1,Balance,NY,35-44,Female,0,0,1
2021,2024-10-27,96,1,4,3,Balance,NY,25-34,Female,1,0,0
2022,2024-10-27,96,1,4,3,Plant Based,NY,25-34,Female,0,0,0
2023,2024-10-27,96,1,4,3,Weight Loss,NY,35-44,Female,0,0,0
2024,2024-10-27,96,3,6,7,Weight Loss,CT,55-64,Female,1,1,0
2025,2024-10-27,96,2,3,1,Weight Loss,MD,45-54,Male,0,0,0
2026,2024-10-27,96,1,2,3,Weight Loss,MA,25-34,Female,0,0,0
2027,2024-10-27,96,1,1,1,Plant Based,MA,18-24,Female,0,0,0
2028,2024-10-27,96,1,2,3,Weight Loss,RI,25-34,Male,0,0,0
2029,2024-10-27,96,2,1,1,Plant Based,IL,35-44,Male,0,0,0
2030,2024-11-03,97,3,6,7,Balance,CT,35-44,Male,0,1,0
2031,2024-11-03,97,1,3,2,Balance,MA,25-34,Female,0,0,0
2032,2024-11-03,97,2,3,1,Diabetic Friendly,GA,25-34,Female,1,1,0
2033,2024-11-03,97,3,6,7,Diabetic Friendly,CT,35-44,Female,0,0,0
2034,2024-11-03,97,2,3,1,Weight Loss,WA,45-54,Female,1,0,0
2035,2024-11-03,97,1,2,1,Balance,NH,25-34,Female,1,1,0
2036,2024-11-03,97,3,6,7,Diabetic Friendly,MA,25-34,Male,0,0,0
2037,2024-11-03,97,1,5,5,Weight Loss,NJ,18-24,Male,0,0,0
2038,2024-11-03,97,2,3,3,Diabetic Friendly,MI,25-34,Female,0,0,0
2039,2024-11-03,97,3,6,7,Balance,NY,55-64,Female,1,0,0
2040,2024-11-03,97,2,5,2,Plant Based,GA,25-34,Female,0,1,0
2041,2024-11-10,98,1,4,3,Balance,RI,35-44,Not Specified,0,0,0
2042,2024-11-10,98,2,5,5,Plant Based,TN,55-64,Male,0,1,0
2043,2024-11-10,98,3,6,7,Plant Based,NY,35-44,Male,0,0,0
2044,2024-11-10,98,2,3,3,Balance,OH,18-24,Not Specified,1,0,0
2045,2024-11-10,98,1,5,1,Balance,RI,25-34,Female,1,0,0
2046,2024-11-10,98,2,1,1,Balance,NV,45-54,Female,0,0,0
2047,2024-11-10,98,1,4,1,Balance,NY,35-44,Male,0,1,0
2048,2024-11-10,98,2,4,2,Balance,VA,25-34,Female,0,0,0
2049,2024-11-10,98,1,4,2,Plant Based,NY,45-54,Male,0,0,0
2050,2024-11-10,98,1,2,4,Balance,NH,45-54,Male,0,0,0
2051,2024-11-10,98,3,6,7,Balance,NY,45-54,Female,0,0,1
2052,2024-11-17,99,1,4,2,Balance,NY,55-64,Female,1,0,0
2053,2024-11-17,99,1,1,1,Weight Loss,MA,25-34,Female,0,0,0
2054,2024-11-17,99,1,4,1,Balance,MA,25-34,Male,0,0,0
2055,2024-11-17,99,1,3,2,Weight Loss,MA,35-44,Male,1,0,0
2056,2024-11-17,99,3,6,7,Weight Loss,NY,35-44,Male,1,0,0
2057,2024-11-17,99,2,4,2,Balance,OR,18-24,Female,0,0,0
2058,2024-11-17,99,1,1,2,Balance,NJ,35-44,Male,0,0,0
2059,2024-11-17,99,2,4,2,Diabetic Friendly,TX,25-34,Female,0,0,0
2060,2024-11-17,99,3,6,7,Balance,MA,25-34,Male,0,0,0
2061,2024-11-17,99,1,3,2,Plant Based,MA,18-24,Male,0,0,0
2062,2024-11-17,99,1,3,3,Weight Loss,RI,25-34,Female,0,0,1
2063,2024-11-17,99,2,1,4,Balance,AZ,35-44,Female,0,0,0
2064,2024-11-17,99,2,3,4,Weight Loss,TN,45-54,Female,0,1,0
2065,2024-11-17,99,2,1,3,Balance,CO,35-44,Not Specified,0,0,0
2066,2024-11-17,99,3,6,7,Balance,MA,45-54,Male,0,0,0
2067,2024-11-17,99,1,1,2,Diabetic Friendly,MA,55-64,Male,0,0,0
2068,2024-11-17,99,2,3,4,Weight Loss,IL,25-34,Male,0,0,1
2069,2024-11-17,99,3,6,7,Weight Loss,CT,45-54,Female,1,0,1
2070,2024-11-17,99,1,2,3,Plant Based,MA,35-44,Not Specified,0,0,0
2071,2024-11-17,99,1,4,1,Weight Loss,NY,25-34,Female,0,0,0
2072,2024-11-17,99,1,4,1,Weight Loss,RI,45-54,Male,0,0,0
2073,2024-11-17,99,2,4,5,Balance,WA,35-44,Female,0,0,0
2074,2024-11-17,99,1,2,3,Weight Loss,NY,25-34,Female,0,0,1
2075,2024-11-17,99,2,1,3,Balance,OR,25-34,Female,0,0,0
2076,2024-11-17,99,1,3,1,Balance,NH,25-34,Female,1,0,0
2077,2024-11-17,99,1,4,2,Diabetic Friendly,RI,45-54,Female,0,0,0
2078,2024-11-17,99,1,3,4,Plant Based,CT,25-34,Female,0,0,0
2079,2024-11-17,99,2,1,3,Balance,TN,45-54,Female,0,0,0
2080,2024-11-17,99,1,4,6,Weight Loss,NY,35-44,Female,0,0,0
2081,2024-11-17,99,1,4,3,Diabetic Friendly,MA,25-34,Female,0,0,0
2082,2024-11-17,99,1,1,2,Weight Loss,CT,45-54,Male,0,0,1
2083,2024-11-24,100,1,5,3,Balance,NY,18-24,Female,0,0,1
2084,2024-11-24,100,2,5,3,Balance,MD,25-34,Female,1,0,0
2085,2024-11-24,100,1,4,2,Weight Loss,RI,45-54,Female,1,0,0
2086,2024-11-24,100,1,2,1,Weight Loss,NJ,18-24,Male,1,0,0
2087,2024-11-24,100,1,3,4,Weight Loss,CT,25-34,Male,0,0,0
2088,2024-11-24,100,2,1,4,Plant Based,VA,45-54,Male,0,0,0
2089,2024-11-24,100,1,1,1,Weight Loss,CT,35-44,Female,0,0,0
2090,2024-11-24,100,1,1,1,Weight Loss,RI,35-44,Female,0,0,1
2091,2024-11-24,100,1,5,6,Plant Based,NH,18-24,Not Specified,0,0,0
2092,2024-11-24,100,1,1,2,Plant Based,MA,35-44,Male,0,0,0
2093,2024-11-24,100,1,2,4,Plant Based,CT,35-44,Not Specified,0,0,0
2094,2024-11-24,100,2,3,1,Weight Loss,OH,45-54,Male,0,0,0
2095,2024-11-24,100,1,5,1,Balance,CT,35-44,Male,0,0,1
2096,2024-11-24,100,3,6,7,Weight Loss,CT,45-54,Female,1,0,0
2097,2024-11-24,100,1,4,6,Weight Loss,NH,35-44,Female,0,0,0
2098,2024-11-24,100,1,2,4,Plant Based,MA,18-24,Male,0,0,0
2099,2024-11-24,100,2,4,3,Balance,OR,55-64,Male,0,0,0
2100,2024-11-24,100,1,1,4,Weight Loss,NJ,45-54,Female,0,0,0
2101,2024-11-24,100,3,6,7,Balance,MA,18-24,Male,1,0,0
2102,2024-11-24,100,2,1,1,Balance,OH,45-54,Female,0,0,0
2103,2024-11-24,100,1,3,1,Balance,MA,55-64,Female,0,0,0
2104,2024-11-24,100,1,4,5,Plant Based,CT,25-34,Not Specified,1,0,0
2105,2024-11-24,100,1,4,3,Balance,RI,45-54,Male,0,0,0
2106,2024-11-24,100,2,4,1,Plant Based,GA,25-34,Female,0,0,0
2107,2024-11-24,100,2,3,3,Weight Loss,CA,35-44,Female,0,0,0
2108,2024-11-24,100,1,1,4,Plant Based,NY,35-44,Male,0,0,0
2109,2024-11-24,100,1,5,2,Balance,CT,35-44,Male,0,1,1
2110,2024-11-24,100,1,3,3,Diabetic Friendly,RI,25-34,Not Specified,1,0,0
2111,2024-12-01,101,2,3,1,Weight Loss,IL,55-64,Male,0,0,0
2112,2024-12-01,101,1,2,1,Diabetic Friendly,NH,35-44,Male,0,0,0
2113,2024-12-01,101,1,3,3,Plant Based,NY,45-54,Female,0,1,0
2114,2024-12-01,101,1,3,4,Balance,RI,25-34,Female,0,0,0
2115,2024-12-01,101,1,3,1,Plant Based,CT,35-44,Male,0,0,0
2116,2024-12-01,101,1,4,4,Balance,NJ,25-34,Female,0,0,0
2117,2024-12-01,101,1,4,3,Weight Loss,NY,55-64,Female,0,0,0
2118,2024-12-01,101,2,5,5,Plant Based,GA,35-44,Not Specified,0,1,0
2119,2024-12-01,101,3,6,7,Balance,MA,35-44,Male,0,0,0
2120,2024-12-01,101,1,4,2,Weight Loss,NY,25-34,Male,0,0,0
2121,2024-12-01,101,2,1,4,Balance,VA,35-44,Female,0,0,0
2122,2024-12-01,101,1,4,3,Balance,CT,25-34,Male,0,0,0
2123,2024-12-01,101,3,6,7,Plant Based,MA,35-44,Female,0,0,0
2124,2024-12-01,101,2,3,3,Balance,AZ,45-54,Male,0,1,0
2125,2024-12-01,101,2,5,1,Weight Loss,NC,25-34,Female,1,0,0
2126,2024-12-01,101,1,2,1,Balance,NJ,25-34,Male,0,0,0
2127,2024-12-01,101,1,1,2,Balance,CT,18-24,Male,0,1,0
2128,2024-12-01,101,2,3,1,Weight Loss,NC,25-34,Female,0,1,0
2129,2024-12-01,101,1,3,2,Balance,MA,35-44,Female,0,0,0
2130,2024-12-01,101,1,4,4,Balance,NJ,55-64,Male,0,0,0
2131,2024-12-01,101,3,6,7,Balance,MA,25-34,Female,0,0,0
2132,2024-12-01,101,1,4,3,Balance,CT,45-54,Female,0,1,0
2133,2024-12-01,101,2,4,6,Balance,AZ,55-64,Male,0,0,0
2134,2024-12-01,101,1,1,1,Weight Loss,NJ,45-54,Female,0,0,0
2135,2024-12-08,102,1,1,1,Balance,NJ,35-44,Female,0,0,1
2136,2024-12-08,102,1,1,3,Balance,RI,25-34,Male,0,0,0
2137,2024-12-08,102,2,4,1,Balance,TX,25-34,Male,1,0,0
2138,2024-12-08,102,1,4,2,Balance,RI,25-34,Female,0,0,0
2139,2024-12-08,102,2,4,2,Plant Based,CO,35-44,Female,0,0,0
2140,2024-12-08,102,1,2,3,Diabetic Friendly,NJ,18-24,Female,0,0,0
2141,2024-12-08,102,1,1,2,Balance,RI,25-34,Male,1,0,0
2142,2024-12-08,102,1,1,3,Balance,NY,35-44,Male,0,1,0
2143,2024-12-08,102,1,2,1,Balance,NY,35-44,Female,0,0,0
2144,2024-12-08,102,1,2,2,Weight Loss,NH,35-44,Female,0,0,0
2145,2024-12-08,102,3,6,7,Balance,MA,25-34,Male,0,0,0
2146,2024-12-08,102,2,1,2,Weight Loss,TX,35-44,Female,0,0,1
2147,2024-12-08,102,1,2,1,Balance,NY,35-44,Male,1,0,0
2148,2024-12-08,102,1,5,3,Balance,RI,18-24,Female,0,0,0
2149,2024-12-08,102,1,3,1,Weight Loss,MA,35-44,Male,0,0,0
2150,2024-12-08,102,1,4,2,Weight Loss,MA,35-44,Female,0,0,0
2151,2024-12-08,102,1,4,3,Balance,NH,35-44,Female,0,0,0
2152,2024-12-08,102,2,1,4,Plant Based,TN,35-44,Male,0,0,0
2153,2024-12-08,102,1,3,1,Weight Loss,MA,35-44,Male,0,0,0
2154,2024-12-08,102,2,3,1,Plant Based,CA,45-54,Female,0,0,0
2155,2024-12-08,102,3,6,7,Balance,NY,45-54,Male,0,0,0
2156,2024-12-08,102,2,5,2,Weight Loss,NV,35-44,Female,0,0,0
2157,2024-12-08,102,1,4,5,Weight Loss,NH,45-54,Female,0,0,0
2158,2024-12-15,103,1,3,3,Weight Loss,NJ,55-64,Female,0,0,0
2159,2024-12-15,103,3,6,7,Weight Loss,CT,25-34,Female,0,0,0
2160,2024-12-15,103,3,6,7,Balance,CT,35-44,Male,0,1,0
2161,2024-12-15,103,2,5,1,Weight Loss,OH,35-44,Male,0,0,1
2162,2024-12-15,103,1,3,3,Weight Loss,NJ,35-44,Female,0,0,0
2163,2024-12-15,103,1,2,1,Balance,NJ,45-54,Female,0,0,0
2164,2024-12-15,103,1,4,5,Weight Loss,NJ,35-44,Female,0,0,0
2165,2024-12-15,103,1,4,1,Balance,NH,35-44,Female,0,1,0
2166,2024-12-15,103,1,3,1,Weight Loss,NY,45-54,Male,0,0,0
2167,2024-12-15,103,2,3,3,Plant Based,MN,45-54,Male,0,0,0
2168,2024-12-15,103,1,3,3,Diabetic Friendly,CT,55-64,Female,0,0,0
2169,2024-12-15,103,1,2,3,Balance,MA,35-44,Male,0,0,0
2170,2024-12-15,103,1,3,2,Plant Based,MA,25-34,Female,1,0,0
2171,2024-12-15,103,3,6,7,Weight Loss,MA,45-54,Female,0,0,0
2172,2024-12-15,103,2,3,2,Plant Based,MI,35-44,Female,0,0,0
2173,2024-12-15,103,2,3,3,Balance,PA,35-44,Female,1,0,0
2174,2024-12-15,103,1,1,3,Balance,CT,35-44,Male,0,1,0
2175,2024-12-15,103,2,1,5,Balance,OR,25-34,Female,0,0,1
2176,2024-12-15,103,1,4,1,Plant Based,NJ,35-44,Male,0,0,0
2177,2024-12-15,103,1,4,4,Balance,CT,45-54,Female,0,0,0
2178,2024-12-15,103,1,1,2,Diabetic Friendly,NH,35-44,Female,0,0,0
2179,2024-12-15,103,1,3,3,Weight Loss,NH,25-34,Female,0,0,0
2180,2024-12-15,103,3,6,7,Diabetic Friendly,CT,25-34,Female,0,0,0
2181,2024-12-22,104,3,6,7,Weight Loss,CT,18-24,Female,1,0,0
2182,2024-12-22,104,2,1,2,Weight Loss,OH,35-44,Male,0,0,0
2183,2024-12-22,104,2,2,2,Weight Loss,NV,35-44,Not Specified,0,0,0
2184,2024-12-22,104,2,5,2,Balance,CO,25-34,Female,1,0,0
2185,2024-12-22,104,3,6,7,Balance,MA,25-34,Female,0,0,0
2186,2024-12-22,104,3,6,7,Balance,NY,18-24,Female,0,0,0
2187,2024-12-22,104,1,1,3,Weight Loss,NH,18-24,Male,0,0,0
2188,2024-12-22,104,3,6,7,Diabetic Friendly,CT,18-24,Female,1,0,0
2189,2024-12-22,104,1,4,2,Balance,NJ,35-44,Female,0,0,0
2190,2024-12-22,104,2,3,1,Weight Loss,PA,35-44,Female,0,0,0
2191,2024-12-22,104,1,5,2,Diabetic Friendly,NH,25-34,Not Specified,0,0,0
2192,2024-12-22,104,3,6,7,Diabetic Friendly,CT,55-64,Female,0,0,0
2193,2024-12-22,104,3,6,7,Weight Loss,MA,25-34,Male,1,0,0
2194,2024-12-22,104,3,6,7,Weight Loss,NY,55-64,Female,0,0,0
2195,2024-12-22,104,2,3,4,Balance,CA,25-34,Male,0,0,0
2196,2024-12-22,104,1,2,2,Balance,NY,35-44,Female,0,1,0
2197,2024-12-22,104,1,2,4,Plant Based,CT,25-34,Female,0,0,0
2198,2024-12-22,104,2,3,2,Balance,FL,35-44,Female,0,0,0
2199,2024-12-22,104,1,2,3,Plant Based,NH,35-44,Female,0,0,0
2200,2024-12-22,104,2,5,5,Plant Based,WA,35-44,Female,0,0,0
2201,2024-12-22,104,2,5,3,Plant Based,TX,55-64,Female,0,0,0
2202,2024-12-22,104,1,1,2,Balance,RI,25-34,Male,1,0,0
2203,2024-12-22,104,1,4,3,Plant Based,NY,25-34,Male,0,0,0
2204,2024-12-22,104,2,3,1,Balance,NC,35-44,Male,1,0,0
2205,2024-12-22,104,3,6,7,Weight Loss,MA,25-34,Female,0,0,0
2206,2024-12-22,104,1,3,1,Plant Based,NJ,18-24,Female,0,0,0
